filename,width,height,class,xmin,ymin,xmax,ymax
kur_035.jpg,960,1280,plastic,137,369,808,1051
kur_035.jpg,960,1280,wrapper,217,371,743,1070
kur_035.jpg,960,1280,kurkure,531,416,627,507
kur_035.jpg,960,1280,kurkure,453,424,547,509
kur_035.jpg,960,1280,kurkure,443,418,623,495
pepsi33.jpg,193,261,pepsi,72,107,124,159
pepsi33.jpg,193,261,pepsi,68,159,86,203
pepsi33.jpg,193,261,plastic,54,1,143,256
pepsi33.jpg,193,261,bottle,54,1,142,258
kurkure03.jpg,282,282,plastic,31,3,251,282
kurkure03.jpg,282,282,wrapper,47,17,236,277
kurkure03.jpg,282,282,kurkure,89,42,201,89
too_yumm96.jpg,200,200,tooyumm,146,116,166,137
too_yumm96.jpg,200,200,tooyumm,83,122,106,144
too_yumm96.jpg,200,200,tooyumm,22,128,39,150
too_yumm96.jpg,200,200,tooyumm,34,69,50,92
too_yumm96.jpg,200,200,tooyumm,56,24,75,46
too_yumm96.jpg,200,200,wrapper,76,108,133,172
too_yumm96.jpg,200,200,wrapper,133,103,194,170
too_yumm96.jpg,200,200,wrapper,9,112,77,177
too_yumm96.jpg,200,200,wrapper,19,57,86,123
too_yumm96.jpg,200,200,wrapper,41,11,107,77
too_yumm96.jpg,200,200,wrapper,1,9,38,70
too_yumm96.jpg,200,200,wrapper,1,78,29,126
too_yumm96.jpg,200,200,wrapper,1,138,20,184
bisleri091.jpg,203,248,Bisleri,82,141,120,153
bisleri091.jpg,203,248,plastic,83,95,123,224
bisleri096.jpg,212,238,Bailley,16,93,70,121
bisleri096.jpg,212,238,Bailley,141,134,163,145
bisleri096.jpg,212,238,plastic,5,45,66,195
bisleri096.jpg,212,238,plastic,137,107,160,166
bisleri096.jpg,212,238,plastic,81,164,123,204
bisleri096.jpg,212,238,plastic,139,175,192,234
kurkure114.jpg,225,225,kurkure,52,17,172,69
kurkure114.jpg,225,225,plastic,29,1,198,225
kurkure114.jpg,225,225,wrapper,31,3,195,224
kurkure165.jpg,192,262,kurkure,21,72,172,151
kurkure165.jpg,192,262,kurkure,22,139,189,256
kurkure165.jpg,192,262,plastic,1,1,190,261
too_yumm39.jpg,200,200,tooyumm,1,28,66,59
too_yumm39.jpg,200,200,tooyumm,136,48,198,80
too_yumm39.jpg,200,200,plastic,1,10,100,191
too_yumm39.jpg,200,200,plastic,102,46,200,194
too_yumm39.jpg,200,200,wrapper,1,2,96,189
too_yumm39.jpg,200,200,wrapper,105,29,200,187
coke05.jpg,225,225,plastic,15,44,216,174
coke05.jpg,225,225,bottle,15,47,214,169
coke05.jpg,225,225,Coca-Cola,71,82,140,172
coke05.jpg,225,225,Coca-Cola,65,84,137,153
coke05.jpg,225,225,Coca-Cola,89,99,134,171
coke05.jpg,225,225,Coca-Cola,82,89,92,126
kurkure47.jpg,190,265,plastic,3,4,190,252
kurkure47.jpg,190,265,kurkure,29,15,172,76
too_yumm77.jpg,200,200,tooyumm,91,174,121,191
too_yumm77.jpg,200,200,tooyumm,126,176,153,194
too_yumm77.jpg,200,200,tooyumm,69,181,89,196
too_yumm77.jpg,200,200,tooyumm,43,185,64,199
too_yumm77.jpg,200,200,tooyumm,23,1,85,27
too_yumm77.jpg,200,200,wrapper,85,168,134,200
too_yumm77.jpg,200,200,plastic,132,175,162,199
too_yumm77.jpg,200,200,plastic,62,174,87,200
too_yumm77.jpg,200,200,plastic,37,180,64,200
kurkure86.jpg,313,161,plastic,12,73,74,146
kurkure86.jpg,313,161,plastic,54,52,120,130
kurkure86.jpg,313,161,plastic,118,19,191,135
kurkure86.jpg,313,161,plastic,192,31,256,115
kurkure86.jpg,313,161,plastic,257,35,301,133
kurkure86.jpg,313,161,kurkure,132,26,172,39
kurkure86.jpg,313,161,kurkure,75,55,111,61
kurkure86.jpg,313,161,kurkure,25,74,47,85
kurkure86.jpg,313,161,kurkure,204,34,236,50
kurkure86.jpg,313,161,kurkure,262,50,295,66
too_yumm88.jpg,150,150,tooyumm,51,16,117,51
too_yumm88.jpg,150,150,wrapper,21,4,131,142
too_yumm88.jpg,150,150,plastic,24,3,129,143
too_yumm90.jpg,200,200,tooyumm,8,6,68,45
kurkure33.jpg,112,84,plastic,30,5,83,75
kurkure14.jpg,679,509,cardboard,75,23,624,390
kurkure14.jpg,679,509,kurkure,272,89,397,155
kurkure89.jpg,225,225,plastic,5,90,110,223
kurkure89.jpg,225,225,plastic,131,96,219,225
kurkure89.jpg,225,225,kurkure,35,111,93,137
kurkure89.jpg,225,225,kurkure,147,112,205,135
kurkure89.jpg,225,225,wrapper,10,99,225,214
coca_cola101.jpg,275,183,Coca-Cola,117,57,144,123
too_yumm80.jpg,200,200,tooyumm,79,35,171,82
too_yumm80.jpg,200,200,plastic,54,14,169,195
too_yumm80.jpg,200,200,wrapper,44,23,190,194
bisleri007.jpg,181,279,Bisleri,59,137,117,192
bisleri007.jpg,181,279,Bisleri,116,134,159,187
bisleri007.jpg,181,279,Bisleri,15,136,60,185
pepsi35.jpg,163,308,pepsi,26,68,139,179
pepsi35.jpg,163,308,pepsi,40,191,131,220
kurkure159.jpg,225,225,kurkure,62,23,169,72
kurkure159.jpg,225,225,wrapper,21,2,209,225
kurkure159.jpg,225,225,plastic,23,5,207,221
too_yumm97.jpg,200,200,tooyumm,38,65,72,103
too_yumm97.jpg,200,200,plastic,1,15,89,123
kurkure15.jpg,568,879,plastic,12,21,561,876
kurkure15.jpg,568,879,wrapper,65,53,522,845
kurkure15.jpg,568,879,kurkure,320,57,488,129
kurkure13.jpg,425,425,plastic,12,95,402,330
kurkure13.jpg,425,425,wrapper,42,118,368,310
kurkure13.jpg,425,425,kurkure,63,140,164,188
kur_014.jpg,960,1280,kurkure,484,385,651,473
kur_014.jpg,960,1280,plastic,19,360,731,1253
kur_014.jpg,960,1280,wrapper,25,395,721,1255
kurkure64.jpg,224,225,plastic,38,16,179,205
kurkure64.jpg,224,225,kurkure,67,44,146,80
kurkure64.jpg,224,225,wrapper,30,8,197,216
kurkure96.jpg,308,163,plastic,45,7,162,162
kurkure96.jpg,308,163,plastic,156,1,256,161
kurkure96.jpg,308,163,kurkure,181,15,244,47
kurkure96.jpg,308,163,kurkure,74,20,131,44
kurkure96.jpg,308,163,wrapper,54,9,251,149
bisleri146.jpg,270,130,Bisleri,111,112,136,129
kurkure75.jpg,310,162,plastic,33,44,188,132
kurkure75.jpg,310,162,kurkure,234,91,284,118
too_yumm55.jpg,200,200,tooyumm,2,27,82,55
too_yumm55.jpg,200,200,tooyumm,105,31,193,61
too_yumm55.jpg,200,200,plastic,1,19,95,159
too_yumm55.jpg,200,200,plastic,90,27,198,191
too_yumm55.jpg,200,200,wrapper,3,21,88,155
too_yumm55.jpg,200,200,wrapper,97,30,199,189
kurkure69.jpg,225,225,plastic,36,2,180,225
kurkure69.jpg,225,225,kurkure,59,38,170,81
kur_05.jpg,1280,960,plastic,381,85,1037,837
kur_05.jpg,1280,960,wrapper,393,113,1027,845
kur_05.jpg,1280,960,tooyumm,477,565,829,727
kur_05.jpg,1280,960,tooyumm,569,537,803,715
kur_05.jpg,1280,960,tooyumm,495,567,739,715
kur_05.jpg,1280,960,tooyumm,547,519,813,647
kur_05.jpg,1280,960,tooyumm,549,633,767,753
kur_05.jpg,1280,960,tooyumm,491,569,799,677
kurkure170.jpg,900,900,kurkure,59,194,835,644
too_yumm79.jpg,200,200,tooyumm,124,103,165,124
too_yumm79.jpg,200,200,tooyumm,59,118,104,145
too_yumm79.jpg,200,200,tooyumm,18,77,55,99
too_yumm79.jpg,200,200,tooyumm,85,62,112,87
too_yumm79.jpg,200,200,tooyumm,143,45,174,72
too_yumm79.jpg,200,200,tooyumm,123,10,153,28
too_yumm79.jpg,200,200,tooyumm,71,13,110,28
too_yumm79.jpg,200,200,tooyumm,17,24,51,44
too_yumm79.jpg,200,200,wrapper,9,72,78,148
too_yumm79.jpg,200,200,plastic,50,107,129,190
too_yumm79.jpg,200,200,plastic,115,93,189,176
too_yumm79.jpg,200,200,plastic,128,38,193,116
too_yumm79.jpg,200,200,plastic,73,47,127,101
too_yumm79.jpg,200,200,plastic,13,21,68,116
too_yumm79.jpg,200,200,plastic,62,4,164,60
bisleri088.jpg,194,259,Bisleri,84,118,116,128
bisleri088.jpg,194,259,plastic,61,115,136,232
kurkure146.jpg,201,251,wrapper,11,21,97,140
kurkure146.jpg,201,251,wrapper,103,21,196,147
kurkure146.jpg,201,251,plastic,17,23,98,137
kurkure146.jpg,201,251,plastic,104,21,197,146
kurkure22.jpg,282,402,kurkure,49,57,218,124
kurkure22.jpg,282,402,wrapper,95,126,252,380
kurkure22.jpg,282,402,plastic,24,27,251,372
too_yumm34.jpg,200,200,tooyumm,1,70,28,96
too_yumm34.jpg,200,200,plastic,1,54,31,168
too_yumm34.jpg,200,200,wrapper,1,54,34,166
too_yumm34.jpg,200,200,wrapper,163,42,200,144
too_yumm34.jpg,200,200,plastic,171,40,200,148
bisleri015.jpg,281,180,Bisleri,171,60,207,89
bisleri015.jpg,281,180,Bisleri,129,72,155,112
bisleri015.jpg,281,180,Bisleri,53,81,71,98
bisleri015.jpg,281,180,Bisleri,70,87,86,101
bisleri015.jpg,281,180,Bisleri,86,105,96,118
bisleri015.jpg,281,180,Bisleri,91,76,116,97
bisleri015.jpg,281,180,Bisleri,101,115,111,120
bisleri015.jpg,281,180,Bisleri,113,109,125,123
bisleri015.jpg,281,180,plastic,118,48,243,126
bisleri015.jpg,281,180,plastic,56,49,124,134
kurkure77.jpg,202,249,plastic,22,13,181,233
kurkure77.jpg,202,249,kurkure,50,30,160,76
coca_cola006.jpg,248,203,Coca-Cola,92,63,136,113
bisleri145.jpg,260,194,plastic,19,78,156,183
kur_020.jpg,960,1280,plastic,35,262,757,1261
kur_020.jpg,960,1280,wrapper,65,271,755,1253
kur_020.jpg,960,1280,kurkure,206,375,637,565
kur_020.jpg,960,1280,kurkure,386,362,645,535
kur_020.jpg,960,1280,kurkure,221,383,466,535
kur_020.jpg,960,1280,kurkure,316,405,584,541
pepsi7.jpg,225,225,pepsi,98,70,129,92
pepsi7.jpg,225,225,pepsi,89,93,138,108
crushed_022.jpg,1600,1066,plastic,1,1,1597,1062
crushed_022.jpg,1600,1066,wrapper,11,332,759,1054
crushed_022.jpg,1600,1066,wrapper,154,84,516,492
crushed_022.jpg,1600,1066,wrapper,691,327,1449,797
crushed_022.jpg,1600,1066,wrapper,1166,842,1600,1052
crushed_022.jpg,1600,1066,wrapper,1439,399,1589,629
crushed_022.jpg,1600,1066,wrapper,481,57,964,432
crushed_022.jpg,1600,1066,wrapper,201,822,1079,1042
crushed_022.jpg,1600,1066,wrapper,866,1,1274,257
crushed_022.jpg,1600,1066,wrapper,356,17,661,209
crushed_022.jpg,1600,1066,wrapper,74,29,316,367
crushed_022.jpg,1600,1066,wrapper,896,272,1241,449
crushed_022.jpg,1600,1066,wrapper,1201,24,1419,354
crushed_022.jpg,1600,1066,wrapper,1369,39,1600,377
crushed_022.jpg,1600,1066,wrapper,6,357,239,654
crushed_022.jpg,1600,1066,wrapper,564,372,826,559
bisleri021.jpg,225,225,Bisleri,85,78,146,119
bisleri021.jpg,225,225,plastic,68,90,163,199
kurkure147.jpg,194,260,kurkure,25,34,153,76
kurkure147.jpg,194,260,plastic,2,21,192,259
kurkure147.jpg,194,260,wrapper,3,21,191,259
kur_043.jpg,1280,960,plastic,219,95,1089,911
kur_043.jpg,1280,960,wrapper,559,501,897,907
kur_043.jpg,1280,960,wrapper,189,389,753,851
kur_043.jpg,1280,960,wrapper,613,253,1083,571
kur_043.jpg,1280,960,wrapper,469,127,911,427
kur_043.jpg,1280,960,kurkure,489,421,561,483
kur_043.jpg,1280,960,kurkure,537,431,605,511
kur_043.jpg,1280,960,kurkure,487,419,605,491
kur_043.jpg,1280,960,kurkure,675,227,765,325
kur_043.jpg,1280,960,kurkure,633,179,721,287
kur_043.jpg,1280,960,kurkure,609,177,781,331
kur_043.jpg,1280,960,kurkure,605,587,709,651
kur_043.jpg,1280,960,kurkure,623,571,739,701
kur_043.jpg,1280,960,tooyumm,697,383,805,515
kur_043.jpg,1280,960,tooyumm,707,427,805,493
crushed_011.jpg,225,225,plastic,23,67,201,171
crushed_011.jpg,225,225,bottle,26,69,200,168
kur_029.jpg,1280,960,wrapper,315,79,1041,837
kur_029.jpg,1280,960,plastic,333,77,1105,855
kur_029.jpg,1280,960,tooyumm,449,291,751,603
kur_029.jpg,1280,960,tooyumm,485,337,723,499
kur_029.jpg,1280,960,tooyumm,479,397,659,565
kur_029.jpg,1280,960,tooyumm,587,305,693,537
kur_029.jpg,1280,960,tooyumm,497,373,703,479
too_yumm83.jpg,200,200,tooyumm,164,2,199,26
too_yumm83.jpg,200,200,tooyumm,132,103,166,123
too_yumm83.jpg,200,200,tooyumm,77,97,116,119
too_yumm83.jpg,200,200,tooyumm,35,103,68,122
too_yumm83.jpg,200,200,plastic,67,89,128,172
too_yumm83.jpg,200,200,plastic,123,94,178,173
too_yumm83.jpg,200,200,plastic,22,91,84,172
too_yumm83.jpg,200,200,wrapper,24,90,179,172
pepsi31.jpg,199,253,pepsi,48,45,149,150
pepsi31.jpg,199,253,pepsi,47,158,145,191
coca_cola001.jpg,276,183,Coca-Cola,94,77,161,113
coca_cola001.jpg,276,183,Coca-Cola,69,128,156,171
coca_cola001.jpg,276,183,Coca-Cola,69,106,104,123
kurkure25.jpg,282,372,plastic,12,10,282,365
kurkure25.jpg,282,372,wrapper,40,43,271,372
kurkure25.jpg,282,372,kurkure,65,28,210,83
kur_015.jpg,960,1280,plastic,131,244,782,1208
kur_015.jpg,960,1280,wrapper,145,248,780,1212
kur_015.jpg,960,1280,kurkure,253,360,674,547
kur_015.jpg,960,1280,kurkure,280,411,557,574
kur_015.jpg,960,1280,kurkure,412,362,672,541
kur_015.jpg,960,1280,kurkure,257,381,668,596
too_yumm93.jpg,200,200,tooyumm,145,154,193,188
too_yumm93.jpg,200,200,tooyumm,77,92,108,120
too_yumm93.jpg,200,200,wrapper,62,90,136,153
too_yumm93.jpg,200,200,plastic,83,78,115,172
kurkure34.jpg,84,102,plastic,2,4,81,102
too_yumm37.jpg,200,200,tooyumm,105,46,159,74
too_yumm37.jpg,200,200,plastic,82,29,181,164
too_yumm37.jpg,200,200,wrapper,80,27,179,161
too_yumm23.jpg,200,200,tooyumm,47,82,77,97
too_yumm23.jpg,200,200,tooyumm,1,63,30,81
too_yumm23.jpg,200,200,plastic,43,70,79,143
too_yumm23.jpg,200,200,plastic,1,52,44,152
too_yumm23.jpg,200,200,wrapper,2,53,84,144
too_yumm36.jpg,200,200,tooyumm,44,6,124,52
too_yumm36.jpg,200,200,plastic,18,1,158,200
too_yumm36.jpg,200,200,wrapper,33,3,148,194
kurkure162.jpg,366,138,kurkure,23,23,100,49
kurkure162.jpg,366,138,kurkure,153,24,223,51
kurkure162.jpg,366,138,kurkure,271,22,342,48
kurkure162.jpg,366,138,wrapper,1,2,128,136
kurkure162.jpg,366,138,wrapper,131,3,246,135
kurkure162.jpg,366,138,wrapper,248,2,364,138
kurkure162.jpg,366,138,plastic,2,1,365,138
too_yumm94.jpg,200,200,tooyumm,138,64,192,95
too_yumm94.jpg,200,200,tooyumm,57,8,102,40
too_yumm94.jpg,200,200,wrapper,46,4,119,110
too_yumm94.jpg,200,200,wrapper,108,59,199,177
bisleri105.jpg,290,174,plastic,11,92,37,142
bisleri105.jpg,290,174,plastic,48,98,82,146
bisleri105.jpg,290,174,plastic,86,104,111,143
bisleri105.jpg,290,174,plastic,123,102,147,140
bisleri105.jpg,290,174,plastic,157,94,188,138
bisleri105.jpg,290,174,plastic,194,90,212,135
bisleri105.jpg,290,174,plastic,220,90,241,130
bisleri105.jpg,290,174,plastic,252,90,276,137
bisleri105.jpg,290,174,plastic,19,41,52,86
bisleri105.jpg,290,174,plastic,62,42,91,81
bisleri105.jpg,290,174,plastic,98,47,129,75
bisleri142.jpg,260,194,plastic,18,26,31,35
bisleri142.jpg,260,194,plastic,34,27,42,37
bisleri142.jpg,260,194,Bisleri,45,26,51,38
bisleri142.jpg,260,194,Bisleri,179,55,196,64
bisleri142.jpg,260,194,Bisleri,206,51,235,61
bisleri142.jpg,260,194,Bisleri,21,84,98,96
too_yumm48.jpg,200,200,tooyumm,54,9,93,34
too_yumm48.jpg,200,200,tooyumm,67,122,101,141
too_yumm48.jpg,200,200,tooyumm,108,112,137,133
too_yumm48.jpg,200,200,tooyumm,184,28,200,63
too_yumm48.jpg,200,200,plastic,97,101,155,155
too_yumm48.jpg,200,200,plastic,58,122,116,170
too_yumm48.jpg,200,200,plastic,1,103,58,183
too_yumm48.jpg,200,200,plastic,41,6,129,88
too_yumm48.jpg,200,200,plastic,113,30,200,86
too_yumm48.jpg,200,200,wrapper,1,107,45,180
too_yumm48.jpg,200,200,wrapper,70,100,143,181
too_yumm48.jpg,200,200,wrapper,35,3,129,87
too_yumm48.jpg,200,200,wrapper,129,16,197,100
kurkure60.jpg,225,225,plastic,79,61,152,179
kurkure60.jpg,225,225,kurkure,106,78,132,89
too_yumm20.jpg,200,200,tooyumm,69,158,87,169
too_yumm20.jpg,200,200,tooyumm,95,148,121,162
too_yumm20.jpg,200,200,tooyumm,131,154,153,174
too_yumm20.jpg,200,200,plastic,64,150,89,180
too_yumm20.jpg,200,200,plastic,87,140,127,177
too_yumm20.jpg,200,200,plastic,133,144,152,183
too_yumm20.jpg,200,200,wrapper,127,153,158,175
too_yumm20.jpg,200,200,wrapper,59,151,149,170
kurkure53.jpg,291,173,plastic,7,20,287,162
kurkure53.jpg,291,173,kurkure,24,50,54,69
kurkure53.jpg,291,173,kurkure,64,44,105,67
kurkure53.jpg,291,173,kurkure,117,37,182,60
kurkure53.jpg,291,173,kurkure,192,46,234,61
kurkure53.jpg,291,173,kurkure,240,50,276,69
kurkure80.jpg,225,225,plastic,9,66,215,142
kurkure80.jpg,225,225,wrapper,87,61,152,141
kurkure80.jpg,225,225,wrapper,10,72,50,138
kurkure80.jpg,225,225,wrapper,52,71,84,135
kurkure80.jpg,225,225,wrapper,154,71,188,145
kurkure80.jpg,225,225,wrapper,182,68,217,142
kurkure80.jpg,225,225,kurkure,92,65,138,85
kurkure80.jpg,225,225,kurkure,53,74,80,86
kurkure80.jpg,225,225,kurkure,20,78,41,91
kurkure80.jpg,225,225,kurkure,141,74,182,90
kurkure80.jpg,225,225,kurkure,187,77,209,93
bisleri009.jpg,359,140,Bisleri,185,55,213,100
bisleri009.jpg,359,140,Bisleri,93,67,115,85
bisleri009.jpg,359,140,Bisleri,116,72,131,91
bisleri009.jpg,359,140,Bisleri,132,93,149,110
bisleri009.jpg,359,140,Bisleri,137,58,158,66
bisleri009.jpg,359,140,Bisleri,150,102,161,111
bisleri009.jpg,359,140,plastic,95,24,114,126
bisleri009.jpg,359,140,plastic,115,46,140,127
bisleri009.jpg,359,140,plastic,164,33,226,122
kurkure41.jpg,84,96,plastic,10,2,74,88
kurkure41.jpg,84,96,kurkure,15,7,69,24
kur_010.jpg,960,1280,kurkure,194,287,743,565
kur_010.jpg,960,1280,kurkure,221,332,531,561
kur_010.jpg,960,1280,kurkure,382,313,714,557
kur_010.jpg,960,1280,kurkure,321,383,702,559
kur_010.jpg,960,1280,plastic,78,187,827,1215
kur_010.jpg,960,1280,wrapper,39,132,814,1231
crushed_017.jpg,262,192,plastic,1,5,219,168
crushed_017.jpg,262,192,bottle,128,20,219,166
crushed_017.jpg,262,192,bottle,1,35,128,141
crushed_017.jpg,262,192,bottle,3,8,197,64
kurkure87.jpg,356,141,plastic,59,41,179,111
kurkure87.jpg,356,141,plastic,150,29,257,115
kurkure87.jpg,356,141,plastic,217,59,317,121
kurkure87.jpg,356,141,plastic,84,48,322,119
kurkure87.jpg,356,141,wrapper,67,29,229,119
kurkure87.jpg,356,141,wrapper,156,30,324,130
kurkure87.jpg,356,141,wrapper,132,9,212,135
bisleri126.jpg,259,194,plastic-bottle,60,25,95,68
bisleri126.jpg,259,194,plastic,105,27,139,81
bisleri126.jpg,259,194,plastic,148,29,181,79
bisleri126.jpg,259,194,plastic,188,35,221,87
bisleri126.jpg,259,194,plastic,55,126,98,187
bisleri126.jpg,259,194,plastic,108,133,156,194
bisleri126.jpg,259,194,plastic,160,120,198,181
bisleri126.jpg,259,194,plastic,212,113,245,177
bisleri126.jpg,259,194,plastic,17,102,48,162
kurkure95.jpg,225,225,plastic,29,6,195,219
kurkure95.jpg,225,225,kurkure,60,25,198,72
kurkure58.jpg,225,225,plastic,52,5,192,225
kurkure58.jpg,225,225,kurkure,74,31,178,84
kurkure112.jpg,300,168,kurkure,23,9,255,161
Pepsi062.jpg,77,252,plastic,2,2,77,251
Pepsi062.jpg,77,252,bottle,2,2,75,252
Pepsi062.jpg,77,252,pepsi,8,113,64,180
kur_02.jpg,960,1280,plastic,23,399,745,986
kur_02.jpg,960,1280,wrapper,41,414,763,970
kur_02.jpg,960,1280,kurkure,482,499,637,931
kur_02.jpg,960,1280,kurkure,490,523,631,898
kur_02.jpg,960,1280,kurkure,508,555,653,884
kurkure102.jpg,195,258,kurkure,31,29,159,84
kurkure102.jpg,195,258,plastic,2,4,192,255
too_yumm72.jpg,200,200,tooyumm,73,26,146,63
too_yumm72.jpg,200,200,wrapper,49,16,168,162
too_yumm72.jpg,200,200,plastic,61,4,160,174
too_yumm72.jpg,200,200,wrapper,167,33,200,191
too_yumm72.jpg,200,200,wrapper,1,2,65,138
too_yumm72.jpg,200,200,plastic,1,3,46,160
Pepsi065.jpg,256,197,plastic,25,3,98,174
Pepsi065.jpg,256,197,bottle,30,4,92,174
Pepsi065.jpg,256,197,pepsi,40,75,81,137
pepsi12.jpg,169,298,plastic,4,79,44,277
pepsi12.jpg,169,298,bottle,4,80,45,279
pepsi12.jpg,169,298,pepsi,59,135,105,189
pepsi12.jpg,169,298,bottle,42,1,121,293
pepsi12.jpg,169,298,plastic,43,2,121,292
kurkure71.jpg,192,262,plastic,1,2,187,254
kurkure71.jpg,192,262,wrapper,15,11,173,235
kurkure71.jpg,192,262,kurkure,32,45,141,83
bisleri139.jpg,260,194,plastic,71,19,174,165
too_yumm109.jpg,200,200,tooyumm,150,4,195,40
too_yumm109.jpg,200,200,tooyumm,144,149,166,163
too_yumm109.jpg,200,200,tooyumm,111,150,135,163
too_yumm109.jpg,200,200,tooyumm,73,142,100,159
too_yumm109.jpg,200,200,tooyumm,48,148,63,160
too_yumm109.jpg,200,200,wrapper,34,141,74,194
too_yumm109.jpg,200,200,wrapper,65,138,109,194
too_yumm109.jpg,200,200,wrapper,105,142,141,193
too_yumm109.jpg,200,200,wrapper,134,141,173,192
too_yumm109.jpg,200,200,plastic,35,142,173,191
kurkure129.jpg,259,194,kurkure,47,2,120,63
kurkure129.jpg,259,194,kurkure,143,1,217,46
kurkure129.jpg,259,194,plastic,21,3,246,141
too_yumm92.jpg,200,200,tooyumm,57,25,141,80
too_yumm92.jpg,200,200,wrapper,38,18,186,196
too_yumm92.jpg,200,200,plastic,53,17,166,196
too_yumm52.jpg,200,200,tooyumm,73,49,121,72
too_yumm52.jpg,200,200,tooyumm,133,79,178,109
too_yumm52.jpg,200,200,tooyumm,7,80,57,100
too_yumm52.jpg,200,200,plastic,57,43,127,126
too_yumm52.jpg,200,200,plastic,105,89,193,155
too_yumm52.jpg,200,200,wrapper,126,58,182,154
too_yumm52.jpg,200,200,plastic,5,65,94,150
too_yumm52.jpg,200,200,wrapper,13,72,92,146
too_yumm81.jpg,200,200,tooyumm,34,70,60,87
too_yumm81.jpg,200,200,tooyumm,63,60,89,80
too_yumm81.jpg,200,200,tooyumm,97,63,121,79
too_yumm81.jpg,200,200,tooyumm,116,58,136,70
too_yumm81.jpg,200,200,plastic,118,53,146,100
too_yumm81.jpg,200,200,plastic,93,52,128,105
too_yumm81.jpg,200,200,plastic,60,56,104,110
too_yumm81.jpg,200,200,plastic,33,63,63,119
too_yumm81.jpg,200,200,tooyumm,9,7,70,41
kurkure161.jpg,150,150,kurkure,45,12,101,33
kurkure161.jpg,150,150,wrapper,14,2,133,149
kurkure161.jpg,150,150,plastic,17,3,130,146
too_yumm19.jpg,200,200,tooyumm,145,164,169,180
too_yumm19.jpg,200,200,plastic,139,153,173,200
too_yumm19.jpg,200,200,wrapper,136,152,176,198
pepsi23.jpg,233,216,plastic,84,11,150,206
pepsi23.jpg,233,216,bottle,84,12,150,206
pepsi23.jpg,233,216,pepsi,92,71,135,113
pepsi23.jpg,233,216,pepsi,134,74,146,114
kurkure138.jpg,267,189,kurkure,44,13,59,23
kurkure138.jpg,267,189,kurkure,137,20,152,32
kurkure138.jpg,267,189,kurkure,226,30,241,42
kurkure138.jpg,267,189,kurkure,212,81,227,93
kurkure138.jpg,267,189,kurkure,124,69,138,82
kurkure138.jpg,267,189,kurkure,33,61,47,73
kurkure138.jpg,267,189,kurkure,18,111,32,123
kurkure138.jpg,267,189,kurkure,111,121,124,133
kurkure138.jpg,267,189,kurkure,199,127,213,139
kurkure138.jpg,267,189,kurkure,187,175,200,187
kurkure138.jpg,267,189,kurkure,94,169,106,179
kurkure138.jpg,267,189,kurkure,6,163,19,172
kurkure66.jpg,225,225,plastic,6,49,213,175
kurkure66.jpg,225,225,kurkure,33,74,92,97
kurkure66.jpg,225,225,wrapper,23,60,199,163
pepsi11.jpg,284,177,pepsi,112,68,159,116
pepsi11.jpg,284,177,pepsi,114,121,162,136
too_yumm45.jpg,200,200,tooyumm,8,13,49,43
too_yumm45.jpg,200,200,tooyumm,117,52,174,81
too_yumm45.jpg,200,200,plastic,97,32,196,170
too_yumm45.jpg,200,200,wrapper,103,36,196,168
pepsi2.jpg,74,263,pepsi,3,126,49,176
pepsi2.jpg,74,263,bottle,1,1,74,255
bisleri008.jpg,192,263,Bisleri,73,83,123,132
bisleri008.jpg,192,263,plastic,51,49,132,197
too_yumm84.jpg,200,200,tooyumm,9,7,67,46
kurkure157.jpg,286,176,kurkure,171,35,251,74
kurkure157.jpg,286,176,plastic,153,9,272,167
kurkure157.jpg,286,176,wrapper,151,7,277,172
kurkure157.jpg,286,176,wrapper,15,12,137,165
kurkure157.jpg,286,176,plastic,15,10,135,168
kurkure23.jpg,282,368,kurkure,41,37,219,97
kurkure23.jpg,282,368,wrapper,39,113,246,325
kurkure23.jpg,282,368,plastic,28,20,255,346
pepsi47.jpg,83,234,plastic,2,2,82,233
pepsi47.jpg,83,234,bottle,2,3,83,231
pepsi47.jpg,83,234,pepsi,61,77,78,123
kurkure150.jpg,301,168,kurkure,25,39,79,61
kurkure150.jpg,301,168,kurkure,86,34,148,59
kurkure150.jpg,301,168,kurkure,160,38,216,60
kurkure150.jpg,301,168,kurkure,229,45,277,63
kurkure150.jpg,301,168,wrapper,8,24,86,144
kurkure150.jpg,301,168,wrapper,66,15,170,152
kurkure150.jpg,301,168,wrapper,159,21,235,148
kurkure150.jpg,301,168,wrapper,228,27,296,142
kurkure150.jpg,301,168,plastic,3,6,298,159
too_yumm76.jpg,200,200,tooyumm,41,14,74,52
too_yumm76.jpg,200,200,tooyumm,130,1,172,15
too_yumm76.jpg,200,200,tooyumm,1,81,23,113
too_yumm76.jpg,200,200,plastic,117,1,180,76
too_yumm76.jpg,200,200,plastic,1,63,85,170
too_yumm76.jpg,200,200,plastic,36,11,124,92
too_yumm69.jpg,200,200,tooyumm,129,82,173,126
pepsi3.jpg,176,286,pepsi,76,91,105,119
kurkure92.jpg,276,183,plastic,17,45,117,157
kurkure92.jpg,276,183,plastic,96,64,205,165
kurkure92.jpg,276,183,plastic,180,50,255,146
kurkure92.jpg,276,183,kurkure,117,80,163,100
kurkure92.jpg,276,183,kurkure,68,77,106,88
kurkure92.jpg,276,183,kurkure,170,71,212,88
kurkure92.jpg,276,183,kurkure,221,60,260,74
kurkure92.jpg,276,183,kurkure,33,52,71,72
kurkure92.jpg,276,183,wrapper,29,44,175,150
kurkure92.jpg,276,183,wrapper,99,64,252,138
kurkure122.jpg,246,205,plastic,5,7,119,179
kurkure122.jpg,246,205,plastic,132,108,230,198
kurkure122.jpg,246,205,wrapper,4,4,121,182
kurkure122.jpg,246,205,wrapper,130,105,234,203
kurkure01.jpg,282,282,plastic,37,5,249,273
kurkure01.jpg,282,282,wrapper,44,16,232,266
kurkure01.jpg,282,282,kurkure,87,39,186,83
pepsi53.jpg,301,167,plastic,125,3,174,164
pepsi53.jpg,301,167,pepsi,135,88,168,118
pepsi53.jpg,301,167,pepsi,134,115,149,145
pepsi53.jpg,301,167,bottle,121,2,177,167
kurkure11.jpg,282,282,plastic,45,26,264,279
kurkure11.jpg,282,282,wrapper,34,2,236,273
kurkure11.jpg,282,282,kurkure,87,40,191,84
kurkure101.jpg,190,265,plastic,6,2,181,265
kurkure101.jpg,190,265,kurkure,34,39,158,99
kurkure101.jpg,190,265,wrapper,23,8,172,262
kurkure74.jpg,246,204,kurkure,27,9,136,30
kurkure74.jpg,246,204,kurkure,170,10,231,95
kurkure74.jpg,246,204,wrapper,159,105,226,195
kurkure74.jpg,246,204,wrapper,16,17,136,189
too_yumm18.jpg,200,200,tooyumm,116,159,148,179
too_yumm18.jpg,200,200,plastic,104,151,157,199
too_yumm18.jpg,200,200,tooyumm,78,1,145,31
kur_04.jpg,960,1280,plastic,47,140,786,1131
kur_04.jpg,960,1280,wrapper,112,136,776,1133
kur_04.jpg,960,1280,tooyumm,184,254,645,537
kur_04.jpg,960,1280,tooyumm,188,297,625,489
kur_04.jpg,960,1280,tooyumm,208,350,572,535
kur_04.jpg,960,1280,tooyumm,314,285,614,473
crushed_019.jpg,183,275,plastic,37,18,140,254
crushed_019.jpg,183,275,bottle,41,19,128,259
bisleri118.jpg,194,259,Bisleri,138,75,150,87
bisleri118.jpg,194,259,Bisleri,166,85,175,90
bisleri118.jpg,194,259,Bisleri,133,64,154,118
kurkure67.jpg,246,204,wrapper,19,11,135,192
kurkure67.jpg,246,204,wrapper,160,106,227,189
kurkure67.jpg,246,204,wrapper,25,6,124,34
kurkure67.jpg,246,204,plastic,14,6,145,191
kurkure67.jpg,246,204,kurkure,161,9,233,93
kurkure54.jpg,225,225,wrapper,41,15,180,211
kurkure54.jpg,225,225,kurkure,69,41,159,81
kurkure91.jpg,84,84,kurkure,21,10,60,28
kurkure91.jpg,84,84,plastic,10,2,70,80
too_yumm87.jpg,200,200,tooyumm,8,5,65,44
too_yumm98.jpg,200,200,tooyumm,19,21,86,65
too_yumm98.jpg,200,200,tooyumm,107,30,164,53
too_yumm98.jpg,200,200,plastic,103,18,169,159
too_yumm98.jpg,200,200,plastic,19,11,100,151
too_yumm98.jpg,200,200,wrapper,88,22,188,152
too_yumm98.jpg,200,200,wrapper,2,24,133,145
kurkure45.jpg,225,225,plastic,37,3,189,217
kurkure45.jpg,225,225,kurkure,59,23,171,70
crushed_023.jpg,259,194,plastic,1,1,259,191
crushed_023.jpg,259,194,wrapper,1,1,258,191
crushed_023.jpg,259,194,wrapper,38,1,136,116
crushed_023.jpg,259,194,wrapper,95,151,202,187
crushed_023.jpg,259,194,wrapper,1,127,107,186
crushed_023.jpg,259,194,wrapper,3,160,103,194
crushed_023.jpg,259,194,wrapper,124,77,176,155
crushed_023.jpg,259,194,wrapper,68,1,133,117
crushed_023.jpg,259,194,wrapper,119,1,220,82
crushed_023.jpg,259,194,wrapper,175,74,226,133
crushed_023.jpg,259,194,wrapper,215,1,254,86
crushed_023.jpg,259,194,wrapper,201,83,259,130
crushed_023.jpg,259,194,wrapper,211,135,255,190
crushed_023.jpg,259,194,wrapper,38,17,80,115
crushed_023.jpg,259,194,wrapper,13,5,66,116
crushed_023.jpg,259,194,wrapper,1,63,52,138
crushed_023.jpg,259,194,wrapper,121,20,214,77
kurkure104.jpg,225,225,kurkure,89,25,132,43
kurkure104.jpg,225,225,plastic,36,6,187,221
kurkure104.jpg,225,225,wrapper,37,6,187,221
kur_011.jpg,1280,960,plastic,119,171,1247,743
kur_011.jpg,1280,960,wrapper,127,159,563,753
kur_011.jpg,1280,960,wrapper,525,193,899,699
kur_011.jpg,1280,960,wrapper,877,165,1239,661
kur_011.jpg,1280,960,tooyumm,601,251,825,391
kur_011.jpg,1280,960,kurkure,957,219,1221,349
kur_011.jpg,1280,960,kurkure,259,193,439,271
kur_011.jpg,1280,960,tooyumm,583,281,741,379
kur_011.jpg,1280,960,tooyumm,615,251,831,373
kur_011.jpg,1280,960,kurkure,975,227,1123,327
kur_011.jpg,1280,960,kurkure,1075,223,1203,327
kur_036.jpg,1280,960,plastic,273,81,1203,929
kur_036.jpg,1280,960,wrapper,263,455,711,797
kur_036.jpg,1280,960,wrapper,305,111,729,499
kur_036.jpg,1280,960,wrapper,715,101,1207,455
kur_036.jpg,1280,960,wrapper,649,401,1201,919
kur_036.jpg,1280,960,kurkure,699,625,753,699
kur_036.jpg,1280,960,kurkure,679,539,747,623
kur_036.jpg,1280,960,kurkure,683,557,775,719
kur_036.jpg,1280,960,tooyumm,331,629,461,783
kur_036.jpg,1280,960,tooyumm,349,641,451,757
kur_036.jpg,1280,960,kurkure,343,193,445,359
kur_036.jpg,1280,960,kurkure,343,119,431,281
kur_036.jpg,1280,960,kurkure,787,251,895,387
kur_036.jpg,1280,960,kurkure,809,185,945,309
crushed_015.jpg,225,225,bottle,83,15,137,195
crushed_015.jpg,225,225,plastic,82,17,140,196
kurkure07.jpg,282,282,plastic,35,3,246,278
kurkure07.jpg,282,282,wrapper,42,8,232,271
kurkure07.jpg,282,282,kurkure,86,42,201,88
coca_cola011.jpg,327,154,Coca-Cola,185,92,195,103
coca_cola011.jpg,327,154,bottle,182,97,196,119
coca_cola011.jpg,327,154,plastic,202,95,213,113
coca_cola011.jpg,327,154,bottle,156,96,172,108
coca_cola011.jpg,327,154,bottle,31,81,38,89
pepsi22.jpg,199,253,plastic,4,10,68,248
pepsi22.jpg,199,253,bottle,4,9,68,248
pepsi22.jpg,199,253,pepsi,5,121,62,165
pepsi22.jpg,199,253,pepsi,68,120,111,166
pepsi22.jpg,199,253,pepsi,177,121,193,166
pepsi22.jpg,199,253,pepsi,111,122,124,160
pepsi52.jpg,82,236,plastic,3,1,81,233
pepsi52.jpg,82,236,bottle,2,2,80,232
pepsi52.jpg,82,236,pepsi,20,72,61,118
pepsi52.jpg,82,236,pepsi,60,74,73,120
kurkure88.jpg,262,193,plastic,56,88,102,166
kurkure88.jpg,262,193,plastic,110,128,146,180
kurkure88.jpg,262,193,plastic,145,114,187,159
kurkure88.jpg,262,193,plastic,190,107,220,155
kurkure88.jpg,262,193,wrapper,221,102,256,154
kurkure88.jpg,262,193,kurkure,166,18,244,61
kurkure88.jpg,262,193,kurkure,69,96,103,124
kurkure88.jpg,262,193,kurkure,111,134,136,143
kurkure88.jpg,262,193,kurkure,147,119,182,128
kurkure88.jpg,262,193,kurkure,194,111,216,124
kurkure88.jpg,262,193,wrapper,108,123,182,170
kurkure88.jpg,262,193,wrapper,176,104,217,156
kurkure88.jpg,262,193,wrapper,47,83,125,181
bisleri011.jpg,189,266,Bisleri,63,118,119,158
bisleri011.jpg,189,266,Bisleri,121,117,165,151
bisleri011.jpg,189,266,Bisleri,21,117,61,155
bisleri011.jpg,189,266,plastic,62,32,124,214
bisleri011.jpg,189,266,plastic,19,47,62,198
bisleri011.jpg,189,266,plastic,120,43,167,199
bisleri132.jpg,259,194,plastic,133,161,148,186
bisleri132.jpg,259,194,plastic,160,153,245,188
bisleri132.jpg,259,194,plastic,52,177,91,193
pepsi27.jpg,286,176,plastic,115,9,170,162
pepsi27.jpg,286,176,bottle,115,9,170,163
pepsi27.jpg,286,176,pepsi,125,73,162,105
bisleri025.jpg,259,194,Bisleri,39,80,80,113
bisleri025.jpg,259,194,plastic,39,24,83,129
too_yumm5.jpg,150,150,plastic,47,19,108,136
too_yumm5.jpg,150,150,wrapper,30,19,105,98
too_yumm5.jpg,150,150,tooyumm,48,39,92,62
pepsi41.jpg,88,221,pepsi,8,52,80,133
pepsi41.jpg,88,221,pepsi,13,145,77,161
coca_cola127.jpg,275,183,Coca-Cola,120,139,155,151
coca_cola127.jpg,275,183,plastic,113,84,146,177
coca_cola127.jpg,275,183,bottle,108,85,156,182
kur_013.jpg,960,1280,plastic,12,318,921,1135
kur_013.jpg,960,1280,wrapper,94,332,837,1117
kur_013.jpg,960,1280,kurkure,174,448,325,849
kur_013.jpg,960,1280,kurkure,161,465,361,823
kur_013.jpg,960,1280,kurkure,186,537,317,800
kur_013.jpg,960,1280,kurkure,217,458,339,676
kurkure04.jpg,282,282,plastic,47,12,234,275
kurkure04.jpg,282,282,wrapper,71,24,202,261
kurkure04.jpg,282,282,kurkure,106,46,175,79
kurkure85.jpg,276,183,plastic,9,53,252,156
kurkure85.jpg,276,183,wrapper,101,57,167,163
kurkure85.jpg,276,183,wrapper,190,41,255,156
kurkure85.jpg,276,183,wrapper,8,49,97,150
kurkure85.jpg,276,183,kurkure,122,62,157,78
kurkure85.jpg,276,183,kurkure,209,57,239,71
kurkure85.jpg,276,183,kurkure,33,56,81,67
Pepsi059.jpg,168,299,pepsi,9,47,153,185
pepsi18.jpg,183,275,bottle,97,42,167,239
pepsi18.jpg,183,275,pepsi,109,124,162,179
pepsi18.jpg,183,275,pepsi,109,185,164,202
kurkure36.jpg,84,107,kurkure,15,17,71,40
kurkure36.jpg,84,107,plastic,1,3,81,103
kurkure105.jpg,225,225,kurkure,64,39,163,77
kurkure105.jpg,225,225,plastic,37,12,187,225
kurkure105.jpg,225,225,wrapper,34,9,196,225
kurkure62.jpg,275,183,plastic,18,13,270,175
kurkure62.jpg,275,183,wrapper,13,81,108,141
kurkure62.jpg,275,183,wrapper,32,30,85,64
kurkure62.jpg,275,183,wrapper,133,82,205,145
kurkure62.jpg,275,183,wrapper,97,18,171,64
kurkure62.jpg,275,183,wrapper,217,34,269,123
kurkure133.jpg,291,173,kurkure,1,1,172,131
kurkure133.jpg,291,173,kurkure,177,16,288,55
kurkure166.jpg,225,225,kurkure,73,33,145,63
kurkure166.jpg,225,225,plastic,33,4,198,224
kurkure166.jpg,225,225,wrapper,34,5,194,223
bisleri035.jpg,300,168,Bisleri,224,114,264,144
bisleri035.jpg,300,168,plastic,105,18,115,32
bisleri035.jpg,300,168,plastic,132,64,148,80
kur_00.jpg,960,1280,plastic,168,258,929,1247
kur_00.jpg,960,1280,wrapper,170,265,908,1247
kur_00.jpg,960,1280,tooyumm,214,313,439,454
kur_00.jpg,960,1280,tooyumm,237,346,412,422
pepsi5.jpg,233,216,pepsi,83,58,150,130
crushed_025.jpg,1024,683,wrapper,236,67,903,667
crushed_025.jpg,1024,683,plastic,279,59,812,666
crushed_025.jpg,1024,683,wrapper,252,74,593,345
crushed_025.jpg,1024,683,wrapper,538,332,870,652
crushed_025.jpg,1024,683,wrapper,412,209,776,409
crushed_025.jpg,1024,683,wrapper,303,232,574,572
kur_018.jpg,1280,960,wrapper,11,219,429,703
kur_018.jpg,1280,960,wrapper,387,257,723,707
kur_018.jpg,1280,960,wrapper,693,197,989,713
kur_018.jpg,1280,960,wrapper,951,224,1280,689
kur_018.jpg,1280,960,plastic,15,228,1280,723
kur_018.jpg,1280,960,kurkure,171,249,307,291
kur_018.jpg,1280,960,tooyumm,453,321,647,435
kur_018.jpg,1280,960,tooyumm,457,323,651,421
kur_018.jpg,1280,960,kurkure,777,277,975,379
kur_018.jpg,1280,960,kurkure,757,277,937,359
kur_018.jpg,1280,960,kurkure,1041,283,1251,381
kur_018.jpg,1280,960,kurkure,1063,301,1239,367
kurkure61.jpg,186,271,wrapper,3,10,179,241
kurkure61.jpg,186,271,kurkure,116,3,162,16
kurkure61.jpg,186,271,plastic,5,2,184,264
kurkure65.jpg,225,225,wrapper,15,66,85,151
kurkure65.jpg,225,225,wrapper,85,47,138,135
kurkure65.jpg,225,225,wrapper,151,57,207,155
kurkure65.jpg,225,225,plastic,8,65,218,154
bisleri017.jpg,212,238,Bisleri,69,82,146,111
bisleri017.jpg,212,238,Bisleri,77,3,137,26
bisleri017.jpg,212,238,plastic,67,49,163,237
kurkure16.jpg,282,201,plastic,4,6,279,200
kurkure16.jpg,282,201,wrapper,16,21,270,188
kurkure16.jpg,282,201,kurkure,27,34,101,69
bisleri006.jpg,225,225,Bisleri,88,118,138,147
bisleri006.jpg,225,225,Bisleri,55,119,88,146
bisleri006.jpg,225,225,Bisleri,136,116,170,148
bisleri006.jpg,225,225,plastic,53,60,91,187
bisleri006.jpg,225,225,plastic,132,57,174,187
bisleri006.jpg,225,225,plastic,94,48,136,197
bisleri003.jpg,84,146,kinley,26,99,60,126
bisleri003.jpg,84,146,plastic,22,2,68,146
too_yumm91.jpg,200,200,tooyumm,9,5,64,46
coca_cola007.jpg,262,193,Coca-Cola,81,79,134,111
pepsi46.jpg,80,242,pepsi,21,107,58,148
pepsi46.jpg,80,242,plastic,2,1,78,242
pepsi46.jpg,80,242,bottle,2,2,79,240
too_yumm78.jpg,200,200,tooyumm,58,20,143,62
too_yumm78.jpg,200,200,wrapper,30,13,168,190
too_yumm78.jpg,200,200,plastic,32,3,167,191
bisleri081.jpg,218,231,Bisleri,78,64,145,88
bisleri081.jpg,218,231,Bisleri,81,115,144,133
bisleri081.jpg,218,231,plastic,58,55,167,227
kurkure38.jpg,112,84,kurkure,9,1,104,82
kurkure154.jpg,225,225,kurkure,35,74,92,93
kurkure154.jpg,225,225,plastic,12,41,216,183
kurkure154.jpg,225,225,wrapper,14,46,212,177
kur_01.jpg,960,1280,plastic,49,183,766,1055
kur_01.jpg,960,1280,wrapper,66,158,741,1088
kur_01.jpg,960,1280,kurkure,117,721,584,945
kur_01.jpg,960,1280,kurkure,282,759,594,931
kur_01.jpg,960,1280,kurkure,166,751,419,910
kurkure100.jpg,285,177,plastic,17,3,281,66
kurkure100.jpg,285,177,plastic,23,113,274,177
kurkure100.jpg,285,177,kurkure,105,135,136,153
kurkure100.jpg,285,177,kurkure,24,119,70,133
kurkure100.jpg,285,177,kurkure,70,129,101,149
kurkure100.jpg,285,177,kurkure,160,127,198,149
kurkure100.jpg,285,177,kurkure,202,125,241,144
kurkure100.jpg,285,177,kurkure,247,138,285,164
kurkure100.jpg,285,177,kurkure,215,1,264,15
kurkure100.jpg,285,177,kurkure,144,1,190,20
coke04.jpg,300,168,plastic,24,31,272,108
coke04.jpg,300,168,bottle,19,34,270,107
coke04.jpg,300,168,Coca-Cola,139,56,177,107
coke04.jpg,300,168,Coca-Cola,134,49,182,109
pepsi15.jpg,168,300,pepsi,39,115,123,199
pepsi15.jpg,168,300,pepsi,39,204,120,230
coke09.jpg,248,203,Coca-Cola,52,32,176,144
coke09.jpg,248,203,Coca-Cola,59,14,199,180
coke09.jpg,248,203,Coca-Cola,154,94,172,134
coke09.jpg,248,203,Coca-Cola,51,71,122,139
coke09.jpg,248,203,Coca-Cola,114,33,175,118
too_yumm24.jpg,200,200,tooyumm,14,79,56,100
too_yumm24.jpg,200,200,tooyumm,82,79,114,98
too_yumm24.jpg,200,200,wrapper,77,63,116,147
too_yumm24.jpg,200,200,plastic,74,60,118,145
too_yumm24.jpg,200,200,plastic,1,66,72,166
too_yumm24.jpg,200,200,wrapper,2,68,71,166
coca_cola048.jpg,275,183,Coca-Cola,133,52,163,124
kurkure155.jpg,276,183,kurkure,37,51,59,64
kurkure155.jpg,276,183,kurkure,121,42,147,50
kurkure155.jpg,276,183,kurkure,207,48,232,55
kurkure155.jpg,276,183,wrapper,84,25,190,154
kurkure155.jpg,276,183,wrapper,14,29,97,170
kurkure155.jpg,276,183,wrapper,168,35,270,157
kurkure155.jpg,276,183,plastic,83,25,191,160
kurkure155.jpg,276,183,plastic,3,26,100,168
kurkure155.jpg,276,183,plastic,171,41,270,156
bisleri070.jpg,260,194,Bisleri,74,152,121,184
bisleri070.jpg,260,194,plastic,40,42,127,191
bisleri070.jpg,260,194,Bisleri,188,62,210,111
bisleri070.jpg,260,194,Bisleri,121,13,183,176
coca_cola029.jpg,225,225,Coca-Cola,126,85,139,179
kurkure156.jpg,284,178,kurkure,12,31,268,63
kurkure156.jpg,284,178,plastic,3,26,276,176
kurkure156.jpg,284,178,kurkure,1,144,71,177
coca_cola089.jpg,261,193,Coca-Cola,69,29,196,48
coca_cola089.jpg,261,193,Coca-Cola,75,80,201,110
pepsi30.jpg,197,256,pepsi,101,90,179,136
kurkure121.jpg,178,284,wrapper,75,151,129,207
kurkure121.jpg,178,284,wrapper,78,56,123,116
kurkure121.jpg,178,284,kurkure,1,161,22,174
kurkure121.jpg,178,284,plastic,13,25,161,259
kurkure30.jpg,359,480,plastic,2,82,356,475
kurkure30.jpg,359,480,kurkure,135,122,275,162
kurkure30.jpg,359,480,wrapper,19,107,331,467
too_yumm13.jpg,200,200,tooyumm,125,124,151,139
too_yumm13.jpg,200,200,tooyumm,10,128,43,144
too_yumm13.jpg,200,200,tooyumm,96,145,113,152
too_yumm13.jpg,200,200,tooyumm,46,142,59,147
too_yumm13.jpg,200,200,plastic,3,114,49,176
too_yumm13.jpg,200,200,plastic,92,127,120,191
too_yumm13.jpg,200,200,plastic,119,115,164,179
too_yumm13.jpg,200,200,plastic,48,136,81,174
bisleri117.jpg,168,299,Bisleri,1,107,50,159
bisleri117.jpg,168,299,Bisleri,57,110,124,156
bisleri117.jpg,168,299,Bisleri,134,111,168,147
bisleri117.jpg,168,299,plastic,4,3,51,265
bisleri117.jpg,168,299,plastic,59,36,116,250
bisleri117.jpg,168,299,plastic,134,47,165,225
kurkure12.jpg,282,282,plastic,12,1,271,282
kurkure12.jpg,282,282,wrapper,42,13,231,267
kurkure12.jpg,282,282,kurkure,82,22,199,64
crushed_010.jpg,262,192,plastic,42,6,217,150
crushed_010.jpg,262,192,bottle,44,8,214,145
kur_09.jpg,960,1280,plastic,88,377,700,1255
kur_09.jpg,960,1280,wrapper,76,409,684,1223
kur_09.jpg,960,1280,kurkure,370,432,604,531
kur_09.jpg,960,1280,kurkure,435,432,572,511
too_yumm74.jpg,200,200,tooyumm,34,84,152,148
too_yumm74.jpg,200,200,wrapper,11,39,186,200
too_yumm74.jpg,200,200,plastic,31,33,153,198
too_yumm73.jpg,200,200,tooyumm,62,78,121,100
too_yumm73.jpg,200,200,tooyumm,146,111,200,137
too_yumm73.jpg,200,200,tooyumm,102,1,173,31
too_yumm73.jpg,200,200,tooyumm,118,54,153,65
too_yumm73.jpg,200,200,tooyumm,1,1,29,42
too_yumm73.jpg,200,200,plastic,1,44,32,177
too_yumm73.jpg,200,200,plastic,36,61,140,185
too_yumm73.jpg,200,200,plastic,62,2,177,94
too_yumm73.jpg,200,200,wrapper,168,27,200,89
too_yumm73.jpg,200,200,plastic,7,1,50,126
kurkure28.jpg,359,480,kurkure,48,93,282,139
kurkure28.jpg,359,480,kurkure,56,164,285,401
kurkure28.jpg,359,480,plastic,36,82,323,442
kurkure84.jpg,364,138,plastic,10,33,87,133
kurkure84.jpg,364,138,plastic,96,9,168,100
kurkure84.jpg,364,138,plastic,207,8,255,117
kurkure84.jpg,364,138,plastic,293,25,343,136
kurkure84.jpg,364,138,kurkure,104,14,154,30
kurkure84.jpg,364,138,kurkure,217,17,252,37
kurkure84.jpg,364,138,kurkure,307,36,344,66
kurkure84.jpg,364,138,kurkure,22,45,56,54
kurkure84.jpg,364,138,wrapper,4,40,91,130
kurkure84.jpg,364,138,wrapper,91,8,170,98
kurkure84.jpg,364,138,wrapper,201,6,261,112
kurkure84.jpg,364,138,wrapper,278,18,350,134
pepsi26.jpg,183,275,plastic,67,21,124,241
pepsi26.jpg,183,275,bottle,64,18,124,234
too_yumm105.jpg,200,200,tooyumm,12,40,61,86
too_yumm105.jpg,200,200,tooyumm,133,116,158,154
too_yumm105.jpg,200,200,wrapper,91,101,199,166
too_yumm105.jpg,200,200,wrapper,1,20,65,173
too_yumm105.jpg,200,200,plastic,2,13,65,178
too_yumm105.jpg,200,200,plastic,102,109,197,156
too_yumm67.jpg,200,200,tooyumm,1,49,36,86
too_yumm15.jpg,0,0,tooyumm,75,110,110,126
too_yumm15.jpg,0,0,tooyumm,121,119,149,137
too_yumm15.jpg,0,0,tooyumm,41,126,70,136
too_yumm15.jpg,0,0,plastic,35,115,69,149
too_yumm15.jpg,0,0,plastic,63,100,118,149
too_yumm15.jpg,0,0,plastic,122,105,149,162
too_yumm15.jpg,0,0,wrapper,36,118,154,143
pepsi13.jpg,177,284,pepsi,69,66,111,105
bisleri020.jpg,224,224,Bisleri,78,108,147,150
bisleri020.jpg,224,224,plastic,85,42,140,196
coke10.jpg,840,469,plastic,2,17,835,459
coke10.jpg,840,469,Coca-Cola,105,415,152,465
coke10.jpg,840,469,Coca-Cola,685,281,794,342
coke10.jpg,840,469,Coca-Cola,523,376,583,422
coke10.jpg,840,469,Coca-Cola,398,252,449,293
coke10.jpg,840,469,Coca-Cola,531,173,575,207
coke10.jpg,840,469,Coca-Cola,737,250,792,291
coke10.jpg,840,469,Coca-Cola,735,78,779,119
coke10.jpg,840,469,Coca-Cola,426,164,465,203
coke10.jpg,840,469,Coca-Cola,374,159,411,177
coke10.jpg,840,469,Coca-Cola,488,209,531,247
coke10.jpg,840,469,Coca-Cola,611,147,650,176
coke10.jpg,840,469,Coca-Cola,559,60,583,84
coke10.jpg,840,469,Coca-Cola,515,24,541,47
kur_03.jpg,1280,960,plastic,345,45,1183,853
kur_03.jpg,1280,960,wrapper,375,87,1175,897
kur_03.jpg,1280,960,tooyumm,497,571,835,729
kur_03.jpg,1280,960,tooyumm,519,545,819,785
kur_03.jpg,1280,960,tooyumm,517,547,821,723
kurkure49.jpg,286,176,plastic,22,10,132,162
kurkure49.jpg,286,176,plastic,159,9,264,170
kurkure49.jpg,286,176,kurkure,175,32,253,73
kurkure49.jpg,286,176,wrapper,28,20,120,156
kurkure49.jpg,286,176,wrapper,161,19,263,155
kurkure118.jpg,177,284,kurkure,43,25,113,61
kurkure118.jpg,177,284,wrapper,38,15,130,144
kurkure118.jpg,177,284,kurkure,136,18,177,44
kurkure118.jpg,177,284,plastic,71,182,174,278
too_yumm82.jpg,200,200,tooyumm,13,9,68,42
too_yumm82.jpg,200,200,tooyumm,101,146,123,164
too_yumm82.jpg,200,200,tooyumm,137,147,164,158
too_yumm82.jpg,200,200,tooyumm,170,152,191,163
too_yumm82.jpg,200,200,plastic,131,138,166,177
too_yumm82.jpg,200,200,plastic,169,140,189,181
too_yumm82.jpg,200,200,plastic,101,136,126,187
bisleri110.jpg,185,272,Bisleri,68,88,115,129
bisleri110.jpg,185,272,plastic,50,97,135,226
kurkure139.jpg,265,190,kurkure,57,20,208,115
pepsi44.jpg,91,214,pepsi,17,78,75,94
pepsi44.jpg,91,214,pepsi,59,95,71,111
pepsi44.jpg,91,214,plastic,13,5,84,207
too_yumm17.jpg,720,720,tooyumm,70,148,657,537
bisleri019.jpg,183,275,Bisleri,75,87,111,106
bisleri019.jpg,183,275,plastic,80,29,133,256
kurkure35.jpg,112,84,plastic,24,3,87,81
kurkure82.jpg,276,183,wrapper,18,56,68,130
kurkure82.jpg,276,183,wrapper,59,58,112,147
kurkure82.jpg,276,183,wrapper,112,56,180,158
kurkure82.jpg,276,183,wrapper,170,61,226,151
kurkure82.jpg,276,183,wrapper,210,52,272,148
kurkure82.jpg,276,183,plastic,16,53,101,151
kurkure82.jpg,276,183,plastic,91,55,188,151
kurkure82.jpg,276,183,plastic,162,54,220,150
kurkure82.jpg,276,183,plastic,198,54,268,150
kurkure82.jpg,276,183,kurkure,122,64,158,75
kurkure82.jpg,276,183,kurkure,73,69,113,82
kurkure82.jpg,276,183,kurkure,184,69,207,83
kurkure82.jpg,276,183,kurkure,224,67,251,77
kurkure82.jpg,276,183,kurkure,39,65,62,80
too_yumm71.jpg,200,200,tooyumm,140,148,175,168
too_yumm71.jpg,200,200,plastic,129,140,187,198
too_yumm71.jpg,200,200,wrapper,134,145,186,196
bisleri010.jpg,252,200,Bisleri,54,71,91,107
bisleri010.jpg,252,200,Bisleri,6,116,32,138
bisleri010.jpg,252,200,Bisleri,118,82,155,142
bisleri010.jpg,252,200,Bisleri,93,139,117,160
bisleri010.jpg,252,200,Bisleri,164,104,200,128
bisleri010.jpg,252,200,Bisleri,205,79,233,113
bisleri010.jpg,252,200,Bisleri,199,151,221,164
bisleri010.jpg,252,200,plastic,3,81,41,184
bisleri010.jpg,252,200,plastic,36,69,96,182
bisleri010.jpg,252,200,plastic,92,114,118,179
bisleri010.jpg,252,200,plastic,98,47,174,182
kurkure81.jpg,200,252,plastic,15,10,191,232
kurkure81.jpg,200,252,wrapper,5,2,197,252
kur_08.jpg,960,1280,plastic,78,326,731,1278
kur_08.jpg,960,1280,wrapper,88,344,710,1268
kur_08.jpg,960,1280,kurkure,447,383,661,475
kurkure120.jpg,225,225,plastic,43,37,212,164
kurkure167.jpg,225,225,kurkure,67,29,155,65
kurkure167.jpg,225,225,plastic,42,9,192,215
kurkure167.jpg,225,225,wrapper,44,13,186,209
pepsi55.jpg,275,183,pepsi,147,55,209,116
pepsi55.jpg,275,183,pepsi,148,116,205,136
pepsi55.jpg,275,183,pepsi,145,54,210,138
too_yumm66.jpg,200,200,tooyumm,1,103,19,117
too_yumm66.jpg,200,200,tooyumm,40,93,75,115
too_yumm66.jpg,200,200,tooyumm,103,99,134,116
too_yumm66.jpg,200,200,tooyumm,160,102,188,119
too_yumm66.jpg,200,200,plastic,29,84,88,166
too_yumm66.jpg,200,200,plastic,1,91,26,158
too_yumm66.jpg,200,200,plastic,91,91,147,161
too_yumm66.jpg,200,200,plastic,155,94,197,159
too_yumm66.jpg,200,200,wrapper,2,87,87,164
too_yumm66.jpg,200,200,wrapper,92,92,196,163
coca_cola002.jpg,225,225,Coca-Cola,98,72,146,183
coca_cola002.jpg,225,225,bottle,60,31,170,197
bisleri038.jpg,262,192,Bisleri,110,44,130,60
bisleri038.jpg,262,192,Bisleri,166,44,186,58
bisleri038.jpg,262,192,Bisleri,2,121,16,132
bisleri038.jpg,262,192,Bisleri,18,120,34,131
bisleri038.jpg,262,192,Bisleri,37,120,50,131
bisleri038.jpg,262,192,Bisleri,50,120,67,133
bisleri038.jpg,262,192,plastic,110,24,131,91
bisleri038.jpg,262,192,plastic,165,28,183,92
bisleri038.jpg,262,192,plastic,133,48,164,88
bisleri038.jpg,262,192,plastic,67,107,85,157
bisleri038.jpg,262,192,Bisleri,69,119,86,134
bisleri038.jpg,262,192,Bisleri,84,119,97,131
bisleri038.jpg,262,192,Bisleri,99,118,114,132
bisleri038.jpg,262,192,Bisleri,117,118,129,130
bisleri038.jpg,262,192,Bisleri,134,120,146,132
bisleri038.jpg,262,192,Bisleri,150,119,173,134
bisleri038.jpg,262,192,Bisleri,174,119,186,131
bisleri038.jpg,262,192,Bisleri,188,117,198,136
bisleri038.jpg,262,192,Bisleri,202,119,221,130
bisleri038.jpg,262,192,Bisleri,224,119,236,132
bisleri038.jpg,262,192,Bisleri,240,117,257,129
bisleri038.jpg,262,192,plastic,102,97,113,154
bisleri038.jpg,262,192,plastic,116,102,132,157
bisleri038.jpg,262,192,plastic,137,103,151,156
bisleri038.jpg,262,192,plastic,153,106,170,159
bisleri038.jpg,262,192,plastic,174,111,184,158
bisleri038.jpg,262,192,plastic,186,102,200,160
bisleri038.jpg,262,192,plastic,203,106,220,161
bisleri038.jpg,262,192,plastic,222,107,244,172
too_yumm3.jpg,200,200,plastic,27,106,68,191
too_yumm3.jpg,200,200,plastic,66,118,126,192
too_yumm3.jpg,200,200,plastic,113,114,158,183
too_yumm3.jpg,200,200,plastic,150,108,191,171
too_yumm3.jpg,200,200,tooyumm,32,120,58,137
too_yumm3.jpg,200,200,tooyumm,73,131,109,142
too_yumm3.jpg,200,200,tooyumm,122,123,148,137
too_yumm3.jpg,200,200,tooyumm,159,116,185,129
too_yumm3.jpg,200,200,wrapper,14,116,71,188
too_yumm3.jpg,200,200,wrapper,66,122,122,191
too_yumm3.jpg,200,200,wrapper,115,119,157,181
too_yumm3.jpg,200,200,wrapper,151,111,193,173
kur_033.jpg,1280,960,wrapper,221,385,597,863
kur_033.jpg,1280,960,wrapper,551,393,1023,861
kur_033.jpg,1280,960,wrapper,371,9,919,385
kur_033.jpg,1280,960,plastic,257,45,995,931
kur_033.jpg,1280,960,tooyumm,283,473,527,607
kur_033.jpg,1280,960,tooyumm,337,477,509,569
kur_033.jpg,1280,960,tooyumm,393,497,553,579
kur_033.jpg,1280,960,kurkure,693,447,951,543
kur_033.jpg,1280,960,kurkure,669,417,991,569
kur_033.jpg,1280,960,kurkure,389,85,527,359
kur_033.jpg,1280,960,kurkure,425,129,513,305
kur_033.jpg,1280,960,kurkure,401,99,543,213
kur_032.jpg,1280,960,plastic,393,17,965,903
kur_032.jpg,1280,960,wrapper,397,529,863,945
kur_032.jpg,1280,960,wrapper,425,291,907,663
kur_032.jpg,1280,960,wrapper,431,1,929,303
kur_032.jpg,1280,960,tooyumm,457,595,577,821
kur_032.jpg,1280,960,tooyumm,437,611,545,803
kur_032.jpg,1280,960,kurkure,493,381,617,581
kur_032.jpg,1280,960,kurkure,501,401,603,563
kur_032.jpg,1280,960,kurkure,517,59,721,247
kur_032.jpg,1280,960,kurkure,493,111,717,301
kur_07.jpg,960,1280,wrapper,233,195,751,972
kur_07.jpg,960,1280,plastic,204,150,816,915
kur_07.jpg,960,1280,kurkure,353,320,627,637
kur_07.jpg,960,1280,kurkure,333,420,529,615
kur_07.jpg,960,1280,kurkure,480,326,631,531
kur_07.jpg,960,1280,kurkure,292,346,643,574
crushed_021.jpg,275,183,bottle,35,11,82,171
crushed_021.jpg,275,183,bottle,96,53,146,170
crushed_021.jpg,275,183,bottle,153,83,203,173
crushed_021.jpg,275,183,bottle,209,130,263,174
crushed_021.jpg,275,183,plastic,37,9,84,173
crushed_021.jpg,275,183,plastic,95,53,145,176
crushed_021.jpg,275,183,plastic,152,87,203,175
crushed_021.jpg,275,183,plastic,207,131,266,176
too_yumm56.jpg,200,200,tooyumm,77,44,127,71
too_yumm56.jpg,200,200,tooyumm,26,3,71,26
too_yumm56.jpg,200,200,tooyumm,32,95,79,122
too_yumm56.jpg,200,200,tooyumm,108,5,132,40
too_yumm56.jpg,200,200,tooyumm,111,138,135,183
too_yumm56.jpg,200,200,plastic,25,84,104,194
too_yumm56.jpg,200,200,plastic,101,128,176,188
too_yumm56.jpg,200,200,plastic,123,63,175,126
too_yumm56.jpg,200,200,plastic,100,3,174,60
too_yumm56.jpg,200,200,plastic,33,1,81,80
too_yumm9.jpg,150,150,plastic,30,23,108,140
too_yumm9.jpg,150,150,wrapper,28,20,108,141
too_yumm9.jpg,150,150,tooyumm,45,39,90,62
crushed_02.jpg,275,183,plastic,66,23,256,149
crushed_02.jpg,275,183,bottle,66,25,148,145
crushed_02.jpg,275,183,bottle,118,90,204,146
crushed_02.jpg,275,183,bottle,141,51,259,118
too_yumm99.jpg,200,200,tooyumm,49,36,142,76
too_yumm99.jpg,200,200,plastic,42,16,166,200
too_yumm99.jpg,200,200,plastic,132,80,194,144
too_yumm99.jpg,200,200,wrapper,26,24,191,186
kur_027.jpg,1280,960,plastic,433,191,951,901
kur_027.jpg,1280,960,wrapper,435,229,947,887
kur_027.jpg,1280,960,tooyumm,561,305,837,503
kur_027.jpg,1280,960,tooyumm,567,319,801,481
kurkure145.jpg,225,225,kurkure,39,32,166,95
kurkure145.jpg,225,225,plastic,24,1,176,223
kurkure145.jpg,225,225,wrapper,10,2,187,222
pepsi20.jpg,194,259,pepsi,74,89,107,123
too_yumm104.jpg,200,200,tooyumm,77,54,155,86
too_yumm104.jpg,200,200,wrapper,34,47,170,168
too_yumm104.jpg,200,200,plastic,45,45,169,167
coca_cola119.jpg,262,192,Coca-Cola,120,28,189,96
bisleri080.jpg,259,194,Bisleri,96,72,120,106
bisleri080.jpg,259,194,Bisleri,153,71,171,111
bisleri080.jpg,259,194,Bisleri,8,76,30,109
bisleri080.jpg,259,194,Bisleri,89,160,110,183
bisleri080.jpg,259,194,Bisleri,80,76,97,109
bisleri080.jpg,259,194,plastic,203,43,251,119
bisleri080.jpg,259,194,plastic,46,56,93,114
bisleri080.jpg,259,194,plastic,122,124,163,189
bisleri080.jpg,259,194,plastic,25,129,81,192
bisleri080.jpg,259,194,plastic,175,132,222,193
coke00.jpg,259,194,plastic,123,25,215,186
coke00.jpg,259,194,bottle,123,26,214,193
coke00.jpg,259,194,Coca-Cola,128,68,182,103
too_yumm70.jpg,200,200,tooyumm,1,85,46,117
bisleri141.jpg,260,194,Bisleri,61,107,87,127
bisleri141.jpg,260,194,Bisleri,90,112,110,133
bisleri141.jpg,260,194,Bisleri,115,114,135,136
bisleri141.jpg,260,194,Bisleri,138,119,164,139
bisleri141.jpg,260,194,Bisleri,169,110,187,133
bisleri141.jpg,260,194,plastic,62,84,84,172
bisleri141.jpg,260,194,plastic,91,85,110,173
bisleri141.jpg,260,194,plastic,113,96,136,176
bisleri141.jpg,260,194,plastic,145,102,162,182
kur_06.jpg,1280,960,plastic,247,217,1017,847
kur_06.jpg,1280,960,wrapper,249,221,989,867
kur_06.jpg,1280,960,tooyumm,669,387,865,779
kur_06.jpg,1280,960,tooyumm,675,419,799,755
kur_06.jpg,1280,960,tooyumm,703,439,871,713
kur_06.jpg,1280,960,tooyumm,647,481,859,707
crushed_014.jpg,275,183,plastic,43,10,234,169
crushed_014.jpg,275,183,bottle,45,13,149,169
crushed_014.jpg,275,183,bottle,158,11,232,167
kurkure19.jpg,282,408,kurkure,56,68,227,122
kurkure19.jpg,282,408,wrapper,16,23,242,158
kurkure19.jpg,282,408,plastic,37,165,244,379
coca_cola066.jpg,290,174,Coca-Cola,34,99,100,133
coca_cola066.jpg,290,174,plastic,249,14,276,102
too_yumm4.jpg,150,150,tooyumm,47,36,90,60
too_yumm4.jpg,150,150,plastic,32,19,103,101
too_yumm4.jpg,150,150,wrapper,49,19,108,136
bisleri137.jpg,260,194,plastic,27,85,112,192
bisleri137.jpg,260,194,plastic,108,76,153,190
coke07.jpg,259,194,Coca-Cola,81,105,167,144
coke07.jpg,259,194,Coca-Cola,88,89,164,176
coke07.jpg,259,194,Coca-Cola,72,98,168,150
coke07.jpg,259,194,Coca-Cola,106,108,166,172
coke07.jpg,259,194,Coca-Cola,84,93,135,143
coke07.jpg,259,194,Coca-Cola,106,105,165,153
bisleri036.jpg,200,200,Bisleri,67,96,93,165
bisleri036.jpg,200,200,Bisleri,97,76,140,92
bisleri036.jpg,200,200,plastic,53,90,101,189
bisleri036.jpg,200,200,plastic,92,14,145,189
kurkure68.jpg,193,262,plastic,13,17,188,256
kurkure68.jpg,193,262,kurkure,123,27,159,44
too_yumm54.jpg,200,200,tooyumm,146,73,194,112
too_yumm54.jpg,200,200,tooyumm,69,18,108,63
too_yumm54.jpg,200,200,tooyumm,143,9,189,34
too_yumm54.jpg,200,200,plastic,2,105,89,200
too_yumm54.jpg,200,200,wrapper,5,108,88,198
too_yumm54.jpg,200,200,wrapper,100,54,191,156
too_yumm54.jpg,200,200,plastic,133,40,176,187
too_yumm54.jpg,200,200,plastic,38,1,40,1
too_yumm54.jpg,200,200,plastic,37,3,187,82
too_yumm86.jpg,200,200,tooyumm,11,6,67,43
too_yumm86.jpg,200,200,tooyumm,33,70,60,86
too_yumm86.jpg,200,200,tooyumm,64,60,88,79
too_yumm86.jpg,200,200,tooyumm,97,61,117,78
too_yumm86.jpg,200,200,tooyumm,119,57,136,70
too_yumm86.jpg,200,200,plastic,33,63,60,118
too_yumm86.jpg,200,200,plastic,61,53,99,113
too_yumm86.jpg,200,200,plastic,92,55,126,105
too_yumm86.jpg,200,200,plastic,112,53,148,98
too_yumm86.jpg,200,200,wrapper,26,67,112,116
too_yumm86.jpg,200,200,wrapper,89,52,149,101
crushed_026.jpg,720,960,plastic,92,524,374,822
crushed_026.jpg,720,960,wrapper,110,538,368,806
crushed_026.jpg,720,960,plastic,418,358,645,577
crushed_026.jpg,720,960,wrapper,437,357,629,611
crushed_026.jpg,720,960,plastic,43,212,120,283
crushed_026.jpg,720,960,plastic,517,2,566,73
crushed_026.jpg,720,960,plastic,601,1,698,61
crushed_026.jpg,720,960,wrapper,611,1,697,51
kurkure26.jpg,282,375,kurkure,73,48,189,83
kurkure26.jpg,282,375,wrapper,59,107,207,308
too_yumm42.jpg,200,200,tooyumm,64,57,106,86
too_yumm42.jpg,200,200,wrapper,46,48,124,137
too_yumm42.jpg,200,200,plastic,60,33,111,145
too_yumm42.jpg,200,200,tooyumm,5,9,47,28
crushed_018.jpg,275,183,plastic,41,47,228,174
crushed_018.jpg,275,183,bottle,45,51,227,171
too_yumm30.jpg,200,200,tooyumm,116,21,171,52
bisleri123.jpg,225,225,Bisleri,88,60,133,75
bisleri123.jpg,225,225,plastic,68,71,156,198
bisleri109.jpg,270,130,platic,119,24,145,117
kurkure152.jpg,285,177,plastic,7,22,271,118
kurkure152.jpg,285,177,wrapper,101,19,156,101
kurkure152.jpg,285,177,wrapper,141,22,198,103
kurkure152.jpg,285,177,wrapper,174,29,241,105
kurkure152.jpg,285,177,wrapper,234,24,281,110
kurkure152.jpg,285,177,wrapper,6,34,82,113
kurkure128.jpg,299,168,wrapper,4,15,98,157
kurkure128.jpg,299,168,wrapper,99,14,202,158
kurkure128.jpg,299,168,wrapper,204,16,299,158
kurkure128.jpg,299,168,plastic,3,11,298,161
too_yumm103.jpg,200,200,tooyumm,17,63,73,111
too_yumm103.jpg,200,200,tooyumm,112,77,186,98
too_yumm103.jpg,200,200,wrapper,114,57,168,200
too_yumm103.jpg,200,200,wrapper,32,48,126,177
too_yumm103.jpg,200,200,plastic,1,52,188,200
too_yumm6.jpg,150,150,plastic,50,22,109,137
too_yumm6.jpg,150,150,wrapper,32,21,108,100
too_yumm6.jpg,150,150,tooyumm,51,42,92,63
too_yumm40.jpg,200,200,tooyumm,63,1,169,41
too_yumm40.jpg,200,200,plastic,34,1,192,195
too_yumm40.jpg,200,200,wrapper,39,1,183,192
too_yumm95.jpg,200,200,tooyumm,42,21,87,59
too_yumm95.jpg,200,200,tooyumm,143,6,199,40
too_yumm95.jpg,200,200,plastic,41,8,94,135
too_yumm95.jpg,200,200,wrapper,22,12,108,123
kurkure119.jpg,300,168,kurkure,13,62,70,81
kurkure119.jpg,300,168,plastic,3,50,88,162
kurkure119.jpg,300,168,plastic,65,59,161,162
kurkure119.jpg,300,168,wrapper,67,64,159,157
kurkure48.jpg,225,225,plastic,33,1,186,225
kurkure48.jpg,225,225,kurkure,81,29,149,63
kurkure48.jpg,225,225,wrapper,45,13,180,196
pepsi48.jpg,204,247,pepsi,109,43,182,121
pepsi48.jpg,204,247,pepsi,104,119,134,201
pepsi37.jpg,80,243,pepsi,20,108,63,149
pepsi37.jpg,80,243,pepsi,12,140,26,181
pepsi34.jpg,183,275,pepsi,80,124,124,167
pepsi34.jpg,183,275,pepsi,71,160,87,200
kurkure109.jpg,225,225,kurkure,61,57,132,84
kurkure109.jpg,225,225,wrapper,60,80,170,221
kurkure109.jpg,225,225,plastic,1,5,171,225
kurkure109.jpg,225,225,wrapper,6,10,107,152
too_yumm31.jpg,200,200,tooyumm,117,16,167,52
kur_038.jpg,960,1280,wrapper,121,362,678,1117
kur_038.jpg,960,1280,plastic,86,381,698,1133
kur_038.jpg,960,1280,kurkure,351,438,447,527
kur_038.jpg,960,1280,kurkure,425,434,570,527
kur_038.jpg,960,1280,kurkure,337,442,559,499
kur_038.jpg,960,1280,kurkure,384,444,525,507
kurkure39.jpg,84,84,plastic,16,1,74,84
kurkure39.jpg,84,84,kurkure,25,5,68,26
crushed_024.jpg,219,230,plastic,37,28,177,219
crushed_024.jpg,219,230,wrapper,12,59,56,100
crushed_024.jpg,219,230,wrapper,40,30,172,217
crushed_024.jpg,219,230,wrapper,14,58,48,101
crushed_024.jpg,219,230,wrapper,85,32,166,125
crushed_024.jpg,219,230,wrapper,34,125,95,210
crushed_024.jpg,219,230,wrapper,93,123,172,217
crushed_024.jpg,219,230,wrapper,45,43,97,138
crushed_00.jpg,275,183,plastic,51,19,222,167
crushed_00.jpg,275,183,bottle,54,21,221,165
kurkure72.jpg,281,179,plastic,7,16,202,176
kurkure72.jpg,281,179,plastic,184,66,281,165
kurkure72.jpg,281,179,wrapper,5,15,122,140
kurkure72.jpg,281,179,wrapper,108,23,199,168
kurkure72.jpg,281,179,wrapper,187,62,281,175
bisleri116.jpg,170,296,kinley,46,211,117,245
bisleri116.jpg,170,296,plastic,49,74,123,290
pepsi1.jpg,224,224,plastic,74,1,156,224
pepsi1.jpg,224,224,bottle,75,7,170,223
pepsi1.jpg,224,224,pepsi,81,122,140,197
bisleri024.jpg,225,225,Bisleri,96,108,129,124
bisleri024.jpg,225,225,Bisleri,70,112,96,124
bisleri024.jpg,225,225,Bisleri,133,113,155,121
coca_cola058.jpg,177,285,Coca-Cola,95,84,109,97
coca_cola058.jpg,177,285,Coca-Cola,53,87,91,97
kurkure94.jpg,224,224,plastic,62,101,148,215
kurkure94.jpg,224,224,kurkure,66,103,140,124
kurkure94.jpg,224,224,kurkure,16,20,144,90
kurkure94.jpg,224,224,wrapper,46,86,181,222
too_yumm26.jpg,200,200,tooyumm,32,80,57,93
too_yumm26.jpg,200,200,tooyumm,83,74,117,93
too_yumm26.jpg,200,200,tooyumm,137,77,166,91
too_yumm26.jpg,200,200,plastic,134,62,169,137
too_yumm26.jpg,200,200,plastic,69,65,129,148
too_yumm26.jpg,200,200,plastic,21,63,65,135
too_yumm26.jpg,200,200,wrapper,24,65,65,136
too_yumm26.jpg,200,200,wrapper,68,62,134,152
too_yumm26.jpg,200,200,wrapper,133,62,173,142
kur_031.jpg,1280,960,wrapper,169,267,495,767
kur_031.jpg,1280,960,wrapper,451,229,931,703
kur_031.jpg,1280,960,wrapper,841,189,1175,689
kur_031.jpg,1280,960,tooyumm,229,339,447,497
kur_031.jpg,1280,960,kurkure,531,267,715,461
kur_031.jpg,1280,960,kurkure,887,233,1101,353
kur_031.jpg,1280,960,kurkure,541,305,693,443
kur_031.jpg,1280,960,kurkure,869,223,1129,339
kur_031.jpg,1280,960,plastic,133,165,1225,777
too_yumm50.jpg,200,200,tooyumm,82,53,127,78
too_yumm50.jpg,200,200,wrapper,71,48,152,158
too_yumm50.jpg,200,200,plastic,74,49,141,157
kurkure44.jpg,225,225,plastic,25,3,197,225
kurkure44.jpg,225,225,kurkure,64,41,169,78
too_yumm38.jpg,200,200,tooyumm,167,109,200,136
too_yumm38.jpg,200,200,tooyumm,121,104,149,132
too_yumm38.jpg,200,200,tooyumm,1,139,29,187
too_yumm38.jpg,200,200,tooyumm,98,1,135,29
too_yumm38.jpg,200,200,plastic,1,100,95,140
too_yumm38.jpg,200,200,plastic,1,140,156,199
too_yumm38.jpg,200,200,plastic,88,104,155,144
too_yumm38.jpg,200,200,plastic,160,95,200,193
too_yumm38.jpg,200,200,plastic,81,1,180,69
too_yumm38.jpg,200,200,plastic,163,23,200,61
too_yumm38.jpg,200,200,wrapper,6,101,150,196
too_yumm38.jpg,200,200,wrapper,95,4,200,73
too_yumm85.jpg,200,200,tooyumm,42,15,159,65
too_yumm85.jpg,200,200,plastic,28,1,174,200
too_yumm85.jpg,200,200,wrapper,31,7,170,200
kurkure107.jpg,225,225,kurkure,67,28,169,66
kurkure107.jpg,225,225,plastic,35,8,192,213
kurkure107.jpg,225,225,wrapper,17,1,213,225
kurkure132.jpg,300,168,kurkure,38,33,269,137
kurkure132.jpg,300,168,kurkure,180,7,241,28
bisleri087.jpg,260,194,Bisleri,183,140,195,165
bisleri087.jpg,260,194,Bisleri,133,137,150,165
bisleri087.jpg,260,194,Bisleri,89,145,109,174
bisleri087.jpg,260,194,Bisleri,20,137,35,163
bisleri087.jpg,260,194,plastic,163,120,207,178
bisleri087.jpg,260,194,plastic,127,123,158,177
bisleri087.jpg,260,194,plastic,80,122,121,192
bisleri087.jpg,260,194,plastic,22,123,54,168
bisleri087.jpg,260,194,plastic,213,127,248,177
pepsi29.jpg,234,216,pepsi,16,97,58,134
pepsi29.jpg,234,216,pepsi,10,126,23,163
kurkure51.jpg,225,225,plastic,27,1,191,223
kurkure51.jpg,225,225,kurkure,54,30,179,74
kurkure51.jpg,225,225,wrapper,41,16,186,216
too_yumm47.jpg,200,200,tooyumm,11,9,56,37
kurkure05.jpg,282,282,plastic,21,4,249,274
kurkure05.jpg,282,282,wrapper,43,12,229,269
kurkure05.jpg,282,282,kurkure,87,25,196,63
Pepsi060.jpg,191,264,pepsi,47,63,142,147
crushed_020.jpg,183,275,plastic,66,75,143,245
crushed_020.jpg,183,275,bottle,68,79,143,246
bisleri034.jpg,259,194,Bisleri,40,126,78,136
kurkure149.jpg,275,183,kurkure,4,8,104,55
kurkure149.jpg,275,183,kurkure,151,7,252,45
kurkure149.jpg,275,183,kurkure,35,126,110,180
kurkure149.jpg,275,183,kurkure,162,129,236,182
kurkure149.jpg,275,183,plastic,1,1,136,126
kurkure149.jpg,275,183,plastic,144,1,273,123
kurkure149.jpg,275,183,wrapper,2,1,271,130
kurkure79.jpg,254,198,plastic,6,59,254,151
kurkure79.jpg,254,198,kurkure,101,60,156,86
kurkure79.jpg,254,198,wrapper,6,70,87,142
kurkure79.jpg,254,198,wrapper,106,56,168,150
kurkure79.jpg,254,198,wrapper,184,68,235,146
kurkure108.jpg,258,195,kurkure,1,2,256,177
kurkure168.jpg,400,332,plastic,23,18,238,316
kurkure168.jpg,400,332,plastic,262,174,372,322
kurkure168.jpg,400,332,wrapper,46,57,222,311
kurkure168.jpg,400,332,kurkure,44,10,201,57
kurkure98.jpg,300,168,kurkure,55,32,250,134
kurkure98.jpg,300,168,kurkure,104,1,165,16
kurkure21.jpg,282,369,kurkure,43,20,245,95
kurkure21.jpg,282,369,wrapper,36,110,246,335
kurkure21.jpg,282,369,plastic,23,11,258,336
kurkure134.jpg,275,183,kurkure,88,28,141,48
kurkure123.jpg,259,194,kurkure,140,59,197,83
kurkure123.jpg,259,194,wrapper,122,33,219,160
kurkure123.jpg,259,194,plastic,126,39,216,157
pepsi49.jpg,225,225,pepsi,99,48,129,79
pepsi49.jpg,225,225,pepsi,94,80,132,93
kurkure46.jpg,269,188,plastic,3,32,83,118
kurkure46.jpg,269,188,plastic,96,14,169,109
kurkure46.jpg,269,188,plastic,196,17,247,139
kurkure46.jpg,269,188,plastic,47,88,128,161
kurkure46.jpg,269,188,plastic,153,78,207,173
kurkure46.jpg,269,188,kurkure,108,25,158,45
kurkure46.jpg,269,188,kurkure,16,37,69,57
kurkure46.jpg,269,188,kurkure,202,31,248,64
kurkure46.jpg,269,188,kurkure,56,97,113,115
kurkure46.jpg,269,188,kurkure,155,86,209,116
kurkure46.jpg,269,188,wrapper,7,28,79,119
kurkure46.jpg,269,188,wrapper,95,6,156,115
kurkure46.jpg,269,188,wrapper,193,27,260,122
kurkure46.jpg,269,188,wrapper,56,96,121,166
kurkure46.jpg,269,188,wrapper,146,88,209,175
too_yumm49.jpg,200,200,tooyumm,61,96,101,125
too_yumm49.jpg,200,200,tooyumm,75,12,159,80
too_yumm49.jpg,200,200,tooyumm,62,142,107,199
too_yumm49.jpg,200,200,wrapper,14,7,175,175
too_yumm49.jpg,200,200,plastic,3,56,198,200
coke01.jpg,275,183,plastic,2,2,253,179
coke01.jpg,275,183,bottle,8,2,75,175
coke01.jpg,275,183,bottle,72,3,116,176
coke01.jpg,275,183,bottle,99,4,121,169
coke01.jpg,275,183,bottle,117,1,145,174
coke01.jpg,275,183,bottle,139,7,172,174
coke01.jpg,275,183,bottle,151,8,200,174
coke01.jpg,275,183,bottle,181,30,220,166
coke01.jpg,275,183,bottle,200,32,236,173
coke01.jpg,275,183,Coca-Cola,10,68,65,110
coke01.jpg,275,183,Coca-Cola,64,89,107,125
coke01.jpg,275,183,Coca-Cola,103,95,129,126
coke01.jpg,275,183,Coca-Cola,121,121,138,141
coke01.jpg,275,183,Coca-Cola,131,102,159,131
coke01.jpg,275,183,Coca-Cola,118,59,151,95
kurkure113.jpg,275,183,kurkure,10,21,206,134
crushed_013.jpg,257,196,plastic,54,34,208,149
crushed_013.jpg,257,196,bottle,53,36,208,149
kurkure158.jpg,228,221,kurkure,74,96,144,129
kurkure158.jpg,228,221,kurkure,139,15,201,44
kurkure158.jpg,228,221,kurkure,25,14,82,43
kurkure158.jpg,228,221,plastic,54,83,166,219
kurkure158.jpg,228,221,wrapper,54,80,168,219
kurkure158.jpg,228,221,plastic,3,2,225,135
kur_017.jpg,960,1280,plastic,72,136,890,953
kur_017.jpg,960,1280,wrapper,94,201,849,965
kur_017.jpg,960,1280,kurkure,288,454,527,727
kur_017.jpg,960,1280,kurkure,223,467,502,714
kur_017.jpg,960,1280,kurkure,408,483,523,712
kur_017.jpg,960,1280,kurkure,225,475,421,641
kur_017.jpg,960,1280,kurkure,198,471,537,627
coca_cola086.jpg,259,194,Coca-Cola,195,105,213,125
coca_cola086.jpg,259,194,plastic,174,85,234,150
coca_cola086.jpg,259,194,bottle,169,83,237,149
coca_cola086.jpg,259,194,bottle,105,27,146,88
coca_cola086.jpg,259,194,Coca-Cola,72,64,101,76
coca_cola086.jpg,259,194,Coca-Cola,98,93,155,115
coca_cola086.jpg,259,194,Coca-Cola,169,42,198,91
kurkure99.jpg,225,225,plastic,35,6,192,219
kurkure99.jpg,225,225,kurkure,75,19,151,56
kurkure99.jpg,225,225,wrapper,29,9,187,225
kur_021.jpg,960,1280,wrapper,143,318,933,884
kur_021.jpg,960,1280,plastic,261,289,890,1000
kur_021.jpg,960,1280,kurkure,241,395,463,792
kur_021.jpg,960,1280,kurkure,263,440,404,747
kur_021.jpg,960,1280,kurkure,284,385,414,604
kur_021.jpg,960,1280,kurkure,274,529,417,766
bisleri012.jpg,150,84,Bisleri,34,30,53,46
bisleri012.jpg,150,84,Bisleri,65,33,84,46
bisleri012.jpg,150,84,Bisleri,97,31,116,45
kur_039.jpg,1280,960,wrapper,235,485,643,811
kur_039.jpg,1280,960,wrapper,651,401,1243,879
kur_039.jpg,1280,960,wrapper,495,197,919,581
kur_039.jpg,1280,960,wrapper,293,153,781,479
kur_039.jpg,1280,960,kurkure,551,329,639,531
kur_039.jpg,1280,960,tooyumm,373,217,465,405
kur_039.jpg,1280,960,tooyumm,385,247,497,397
kur_039.jpg,1280,960,tooyumm,359,247,473,367
kur_039.jpg,1280,960,kurkure,245,589,339,731
kur_039.jpg,1280,960,kurkure,251,521,335,691
kur_039.jpg,1280,960,kurkure,661,537,779,707
kur_039.jpg,1280,960,kurkure,691,575,755,665
kur_039.jpg,1280,960,kurkure,565,377,643,483
pepsi19.jpg,91,213,plastic,11,2,80,212
pepsi19.jpg,91,213,pepsi,17,65,52,95
kurkure37.jpg,84,112,plastic,52,27,84,42
kurkure37.jpg,84,112,kurkure,17,52,64,89
too_yumm64.jpg,200,200,tooyumm,1,109,61,150
kur_016.jpg,960,1280,plastic,86,256,904,1012
kur_016.jpg,960,1280,wrapper,257,214,733,1061
kur_016.jpg,960,1280,kurkure,188,653,580,939
kur_016.jpg,960,1280,kurkure,325,698,531,902
kur_016.jpg,960,1280,kurkure,214,684,441,831
kur_016.jpg,960,1280,kurkure,302,702,568,894
kur_016.jpg,960,1280,kurkure,210,678,443,845
too_yumm35.jpg,200,200,tooyumm,116,164,171,191
too_yumm35.jpg,200,200,tooyumm,4,63,45,88
too_yumm35.jpg,200,200,tooyumm,46,114,72,136
too_yumm35.jpg,200,200,wrapper,1,46,36,153
too_yumm35.jpg,200,200,wrapper,31,118,81,169
too_yumm35.jpg,200,200,plastic,1,51,61,149
too_yumm35.jpg,200,200,plastic,24,113,84,162
too_yumm43.jpg,200,200,tooyumm,8,10,45,33
too_yumm43.jpg,200,200,tooyumm,64,48,104,81
too_yumm43.jpg,200,200,plastic,38,41,121,127
too_yumm43.jpg,200,200,wrapper,52,25,105,141
coke03.jpg,300,168,plastic,88,6,194,146
coke03.jpg,300,168,bottle,87,12,193,155
coke03.jpg,300,168,Coca-Cola,132,44,178,96
coke03.jpg,300,168,Coca-Cola,140,51,180,73
coke03.jpg,300,168,Coca-Cola,157,68,180,84
kurkure43.jpg,202,249,plastic,18,13,194,237
kurkure43.jpg,202,249,kurkure,50,31,164,78
kurkure43.jpg,202,249,wrapper,36,30,176,225
kurkure56.jpg,200,252,plastic,13,6,190,251
kurkure56.jpg,200,252,wrapper,31,22,156,214
bisleri108.jpg,197,256,Bisleri,54,77,97,114
bisleri108.jpg,197,256,plastic,14,83,129,153
too_yumm89.jpg,150,150,tooyumm,50,19,109,56
too_yumm89.jpg,150,150,wrapper,25,7,128,143
too_yumm89.jpg,150,150,plastic,27,6,124,145
too_yumm107.jpg,200,200,tooyumm,1,63,34,97
too_yumm107.jpg,200,200,plastic,1,43,52,169
too_yumm107.jpg,200,200,wrapper,2,48,55,166
too_yumm16.jpg,200,200,tooyumm,11,58,190,151
Pepsi064.jpg,73,266,plastic,1,1,72,266
Pepsi064.jpg,73,266,bottle,2,1,73,261
Pepsi064.jpg,73,266,pepsi,4,115,68,184
Pepsi057.jpg,200,200,plastic,75,3,128,200
Pepsi057.jpg,200,200,bottle,73,2,127,200
Pepsi057.jpg,200,200,pepsi,82,90,117,120
too_yumm7.jpg,150,150,plastic,20,18,111,137
too_yumm7.jpg,150,150,wrapper,18,17,110,137
too_yumm7.jpg,150,150,tooyumm,37,33,87,55
kurkure76.jpg,262,192,plastic,4,44,83,126
kurkure76.jpg,262,192,plastic,91,28,163,116
kurkure76.jpg,262,192,plastic,191,33,236,135
kurkure76.jpg,262,192,plastic,143,88,194,185
kurkure76.jpg,262,192,plastic,53,100,119,174
kurkure76.jpg,262,192,kurkure,107,36,153,60
kurkure76.jpg,262,192,kurkure,20,42,65,78
kurkure76.jpg,262,192,kurkure,199,41,244,66
kurkure76.jpg,262,192,kurkure,57,108,110,118
kurkure76.jpg,262,192,kurkure,161,97,194,119
kurkure163.jpg,191,264,kurkure,43,17,157,64
kurkure163.jpg,191,264,wrapper,13,1,186,264
kurkure163.jpg,191,264,plastic,17,2,183,261
too_yumm0.jpg,150,150,tooyumm,53,41,92,65
crushed_01.jpg,259,194,bottle,36,50,221,140
crushed_01.jpg,259,194,plastic,34,55,221,139
pepsi17.jpg,225,225,pepsi,93,125,125,153
pepsi17.jpg,225,225,pepsi,91,153,127,164
pepsi17.jpg,225,225,bottle,82,30,144,222
pepsi17.jpg,225,225,plastic,82,31,145,222
kurkure117.jpg,422,119,kurkure,42,42,76,54
kurkure117.jpg,422,119,kurkure,142,25,188,43
kurkure117.jpg,422,119,kurkure,287,41,319,54
kurkure117.jpg,422,119,wrapper,123,6,287,110
kurkure117.jpg,422,119,plastic,18,4,402,115
kurkure24.jpg,282,209,kurkure,29,37,126,82
kurkure24.jpg,282,209,wrapper,32,87,254,195
kurkure24.jpg,282,209,plastic,21,19,270,199
kurkure141.jpg,225,225,kurkure,56,15,174,77
kurkure141.jpg,225,225,plastic,34,2,193,225
kurkure141.jpg,225,225,wrapper,32,2,193,225
too_yumm33.jpg,200,200,tooyumm,108,156,160,186
too_yumm33.jpg,200,200,tooyumm,67,72,88,88
too_yumm33.jpg,200,200,tooyumm,29,77,57,91
too_yumm33.jpg,200,200,tooyumm,1,73,15,85
too_yumm33.jpg,200,200,plastic,65,61,95,125
too_yumm33.jpg,200,200,plastic,28,58,59,138
too_yumm33.jpg,200,200,plastic,1,64,26,144
too_yumm33.jpg,200,200,wrapper,1,66,100,138
too_yumm58.jpg,200,200,tooyumm,162,36,195,64
too_yumm58.jpg,200,200,plastic,160,19,197,108
too_yumm58.jpg,200,200,wrapper,133,28,197,91
kur_022.jpg,1280,960,wrapper,407,483,1003,933
kur_022.jpg,1280,960,wrapper,437,51,1053,543
kur_022.jpg,1280,960,kurkure,467,573,569,821
kur_022.jpg,1280,960,kurkure,457,539,593,741
kur_022.jpg,1280,960,kurkure,533,177,739,409
kur_022.jpg,1280,960,kurkure,489,243,693,447
too_yumm46.jpg,200,200,tooyumm,10,55,74,94
too_yumm46.jpg,200,200,tooyumm,149,4,199,62
too_yumm46.jpg,200,200,plastic,2,33,88,200
too_yumm46.jpg,200,200,plastic,72,1,189,112
too_yumm46.jpg,200,200,wrapper,69,3,197,76
too_yumm46.jpg,200,200,wrapper,3,29,66,196
kurkure130.jpg,194,259,kurkure,4,1,40,17
kurkure130.jpg,194,259,kurkure,22,50,57,64
kurkure130.jpg,194,259,kurkure,76,48,116,67
kurkure130.jpg,194,259,kurkure,133,47,170,68
kurkure130.jpg,194,259,wrapper,13,43,73,105
kurkure130.jpg,194,259,plastic,11,38,140,111
too_yumm2.jpg,200,200,tooyumm,32,122,64,138
too_yumm2.jpg,200,200,tooyumm,78,131,109,147
too_yumm2.jpg,200,200,tooyumm,126,124,153,138
too_yumm2.jpg,200,200,tooyumm,164,119,187,132
too_yumm2.jpg,200,200,wrapper,19,118,72,181
too_yumm2.jpg,200,200,wrapper,73,118,116,194
too_yumm2.jpg,200,200,wrapper,119,115,162,181
too_yumm2.jpg,200,200,wrapper,159,112,196,169
too_yumm2.jpg,200,200,plastic,30,108,70,191
too_yumm2.jpg,200,200,plastic,74,121,125,192
too_yumm2.jpg,200,200,plastic,117,117,166,183
too_yumm2.jpg,200,200,plastic,156,110,195,173
kur_023.jpg,960,1280,wrapper,61,375,794,1237
kur_023.jpg,960,1280,plastic,90,395,786,1231
kur_023.jpg,960,1280,kurkure,161,464,559,706
kur_023.jpg,960,1280,kurkure,259,467,557,643
kur_023.jpg,960,1280,kurkure,143,501,443,682
kur_023.jpg,960,1280,wrapper,251,364,766,1159
coke08.jpg,264,191,Coca-Cola,88,62,155,110
coke08.jpg,264,191,Coca-Cola,98,55,154,121
coke08.jpg,264,191,Coca-Cola,92,49,127,121
kurkure115.jpg,285,177,kurkure,94,19,127,33
kurkure115.jpg,285,177,kurkure,17,104,53,120
kurkure115.jpg,285,177,kurkure,169,103,206,120
kurkure115.jpg,285,177,wrapper,74,2,213,86
kurkure115.jpg,285,177,wrapper,153,88,283,173
kurkure115.jpg,285,177,wrapper,1,88,135,172
kurkure115.jpg,285,177,plastic,3,3,284,174
coca_cola125.jpg,225,225,Coca-Cola,115,68,131,90
kurkure55.jpg,300,168,plastic,14,72,70,141
kurkure55.jpg,300,168,plastic,65,48,121,124
kurkure55.jpg,300,168,plastic,116,23,189,129
kurkure55.jpg,300,168,plastic,187,34,234,121
kurkure55.jpg,300,168,plastic,245,42,279,128
kurkure55.jpg,300,168,kurkure,128,25,166,37
kurkure55.jpg,300,168,kurkure,192,33,233,45
kurkure55.jpg,300,168,kurkure,253,49,283,63
kurkure55.jpg,300,168,kurkure,66,52,105,63
kurkure55.jpg,300,168,kurkure,24,68,47,82
coke02.jpg,259,194,plastic,82,30,200,178
coke02.jpg,259,194,bottle,84,25,199,174
coke02.jpg,259,194,Coca-Cola,111,70,153,117
coke02.jpg,259,194,Coca-Cola,113,76,149,107
kurkure29.jpg,359,480,kurkure,122,325,181,339
kurkure29.jpg,359,480,kurkure,194,307,229,331
kurkure29.jpg,359,480,kurkure,141,372,183,412
kurkure29.jpg,359,480,kurkure,198,372,240,396
kurkure29.jpg,359,480,plastic,20,20,310,468
bisleri130.jpg,192,250,Bisleri,74,143,111,162
bisleri130.jpg,192,250,Bisleri,119,145,155,163
bisleri130.jpg,192,250,Bisleri,44,142,72,161
bisleri130.jpg,192,250,plastic,47,99,72,212
bisleri130.jpg,192,250,plastic,75,102,119,231
bisleri130.jpg,192,250,plastic,122,102,156,214
kurkure27.jpg,435,271,wrapper,131,107,192,125
kurkure27.jpg,435,271,kurkure,209,114,259,134
kurkure27.jpg,435,271,kurkure,272,123,310,162
kurkure27.jpg,435,271,kurkure,381,119,435,140
kurkure27.jpg,435,271,kurkure,319,99,361,142
kurkure27.jpg,435,271,kurkure,5,202,75,213
kurkure27.jpg,435,271,kurkure,5,225,80,247
kurkure27.jpg,435,271,kurkure,92,214,149,241
kurkure27.jpg,435,271,kurkure,164,209,221,252
kurkure27.jpg,435,271,kurkure,247,239,287,260
kurkure27.jpg,435,271,kurkure,319,220,371,241
kurkure27.jpg,435,271,kurkure,383,243,423,262
kurkure111.jpg,273,184,kurkure,196,6,260,47
kurkure09.jpg,282,282,plastic,29,1,257,282
kurkure09.jpg,282,282,wrapper,48,11,225,269
kurkure09.jpg,282,282,kurkure,84,41,197,87
kur_037.jpg,960,1280,wrapper,114,745,486,1223
kur_037.jpg,960,1280,wrapper,449,717,817,1145
kur_037.jpg,960,1280,wrapper,494,262,768,712
kur_037.jpg,960,1280,wrapper,100,283,537,755
kur_037.jpg,960,1280,kurkure,361,326,417,369
kur_037.jpg,960,1280,kurkure,282,316,341,377
kur_037.jpg,960,1280,kurkure,561,324,753,391
kur_037.jpg,960,1280,kurkure,580,328,721,436
kur_037.jpg,960,1280,kurkure,627,780,719,904
kur_037.jpg,960,1280,kurkure,529,766,672,865
kur_037.jpg,960,1280,tooyumm,217,837,376,931
kur_037.jpg,960,1280,tooyumm,266,821,361,904
kur_037.jpg,960,1280,tooyumm,210,837,378,912
kur_037.jpg,960,1280,kurkure,541,757,753,882
pepsi28.jpg,236,213,pepsi,81,114,106,192
pepsi28.jpg,236,213,pepsi,83,42,162,115
too_yumm65.jpg,200,200,tooyumm,17,1,93,31
too_yumm65.jpg,200,200,tooyumm,97,189,126,200
too_yumm65.jpg,200,200,wrapper,84,181,168,200
too_yumm65.jpg,200,200,plastic,31,183,171,200
too_yumm12.jpg,200,200,tooyumm,18,135,37,145
pepsi38.jpg,259,194,pepsi,28,61,74,142
pepsi38.jpg,259,194,pepsi,195,73,229,102
pepsi38.jpg,259,194,pepsi,195,101,231,111
bisleri028.jpg,259,194,Bisleri,10,92,50,116
bisleri028.jpg,259,194,Bisleri,53,95,87,110
bisleri028.jpg,259,194,Bisleri,93,94,122,109
bisleri028.jpg,259,194,Bisleri,131,94,158,106
bisleri028.jpg,259,194,Bisleri,166,88,198,104
bisleri028.jpg,259,194,Bisleri,205,86,237,102
bisleri028.jpg,259,194,Bisleri,249,109,259,127
bisleri028.jpg,259,194,plastic,12,41,55,171
bisleri028.jpg,259,194,plastic,49,52,94,170
bisleri028.jpg,259,194,plastic,88,54,127,169
bisleri028.jpg,259,194,plastic,126,46,162,163
bisleri028.jpg,259,194,plastic,164,40,199,165
bisleri028.jpg,259,194,plastic,205,31,239,170
too_yumm11.jpg,200,200,tooyumm,24,42,88,87
too_yumm11.jpg,200,200,tooyumm,119,44,192,82
too_yumm11.jpg,200,200,wrapper,117,1,170,172
too_yumm11.jpg,200,200,wrapper,27,4,101,161
too_yumm11.jpg,200,200,plastic,1,2,120,181
too_yumm11.jpg,200,200,plastic,101,3,198,179
kur_030.jpg,1280,960,wrapper,361,183,1051,721
kur_030.jpg,1280,960,plastic,377,201,1025,757
kur_030.jpg,1280,960,tooyumm,455,365,713,659
kur_030.jpg,1280,960,tooyumm,503,413,661,611
kur_030.jpg,1280,960,tooyumm,493,383,639,553
kur_030.jpg,1280,960,tooyumm,551,433,655,597
kur_025.jpg,1280,960,wrapper,15,285,329,763
kur_025.jpg,1280,960,wrapper,303,239,737,715
kur_025.jpg,1280,960,wrapper,655,273,999,691
kur_025.jpg,1280,960,wrapper,963,229,1271,727
kur_025.jpg,1280,960,tooyumm,49,339,253,487
kur_025.jpg,1280,960,kurkure,459,293,601,333
kur_025.jpg,1280,960,kurkure,759,311,937,387
kur_025.jpg,1280,960,kurkure,797,333,921,379
kur_025.jpg,1280,960,kurkure,1081,303,1280,379
kur_025.jpg,1280,960,kurkure,1071,299,1245,361
kur_040.jpg,1280,960,wrapper,183,529,557,791
kur_040.jpg,1280,960,wrapper,465,449,1049,809
kur_040.jpg,1280,960,wrapper,609,155,1129,465
kur_040.jpg,1280,960,wrapper,289,17,767,501
kur_040.jpg,1280,960,kurkure,521,519,603,681
kur_040.jpg,1280,960,kurkure,543,557,601,633
kur_040.jpg,1280,960,kurkure,239,645,329,733
kur_040.jpg,1280,960,kurkure,273,565,351,647
kur_040.jpg,1280,960,kurkure,253,557,337,733
kur_040.jpg,1280,960,kurkure,663,401,813,491
kur_040.jpg,1280,960,kurkure,661,351,827,461
kur_040.jpg,1280,960,tooyumm,489,311,657,403
kur_040.jpg,1280,960,tooyumm,535,303,685,383
kurkure63.jpg,189,267,kurkure,37,33,155,93
pepsi36.jpg,94,207,pepsi,19,102,80,161
bisleri135.jpg,225,225,Bisleri,48,67,79,79
bisleri135.jpg,225,225,Bisleri,117,86,152,150
bisleri135.jpg,225,225,Bisleri,171,111,209,134
bisleri135.jpg,225,225,Bisleri,147,158,172,177
bisleri135.jpg,225,225,Bisleri,80,149,104,170
bisleri135.jpg,225,225,Bisleri,1,121,25,149
bisleri135.jpg,225,225,Bisleri,209,160,225,177
bisleri135.jpg,225,225,plastic,98,49,169,186
bisleri135.jpg,225,225,plastic,30,76,96,190
bisleri026.jpg,259,194,Bisleri,169,126,206,153
bisleri026.jpg,259,194,Bisleri,142,115,166,137
bisleri026.jpg,259,194,Bisleri,114,106,138,124
bisleri026.jpg,259,194,Bisleri,96,98,111,116
bisleri026.jpg,259,194,Bisleri,80,92,97,105
bisleri026.jpg,259,194,Bisleri,69,87,80,100
bisleri026.jpg,259,194,Bisleri,61,83,70,98
bisleri026.jpg,259,194,Bisleri,53,80,60,89
bisleri026.jpg,259,194,plastic,171,77,210,184
coke06.jpg,260,194,plastic,2,4,260,190
coke06.jpg,260,194,bottle,1,42,65,188
coke06.jpg,260,194,bottle,45,58,260,185
coke06.jpg,260,194,bottle,61,78,122,145
coke06.jpg,260,194,bottle,82,14,197,108
coke06.jpg,260,194,bottle,115,1,233,63
coke06.jpg,260,194,Coca-Cola,1,93,45,144
coke06.jpg,260,194,Coca-Cola,146,91,191,158
coke06.jpg,260,194,Coca-Cola,138,83,205,179
coke06.jpg,260,194,Coca-Cola,149,65,193,100
coke06.jpg,260,194,Coca-Cola,115,5,153,48
kurkure73.jpg,194,260,wrapper,8,24,175,256
kurkure73.jpg,194,260,plastic,3,13,191,260
kurkure73.jpg,194,260,kurkure,30,38,150,77
too_yumm51.jpg,200,200,tooyumm,68,29,137,70
too_yumm51.jpg,200,200,wrapper,41,11,171,184
too_yumm51.jpg,200,200,plastic,46,14,157,175
kur_012.jpg,960,1280,plastic,29,244,794,1249
kur_012.jpg,960,1280,wrapper,49,264,831,1208
kur_012.jpg,960,1280,kurkure,306,330,561,430
kur_012.jpg,960,1280,kurkure,353,342,498,426
kur_024.jpg,1280,960,wrapper,419,345,995,827
kur_024.jpg,1280,960,tooyumm,483,407,631,705
kur_024.jpg,1280,960,tooyumm,479,441,599,681
kur_024.jpg,1280,960,tooyumm,553,425,639,685
kurkure144.jpg,292,172,wrapper,5,6,123,168
kurkure144.jpg,292,172,plastic,4,2,123,171
kurkure144.jpg,292,172,plastic,128,6,285,83
kurkure144.jpg,292,172,wrapper,125,3,290,84
kurkure18.jpg,282,423,wrapper,86,63,249,121
kurkure18.jpg,282,423,wrapper,34,19,266,400
kurkure18.jpg,282,423,plastic,17,9,267,407
kur_019.jpg,960,1280,plastic,80,424,808,1019
kur_019.jpg,960,1280,wrapper,72,434,806,996
kur_019.jpg,960,1280,kurkure,500,465,700,890
kur_019.jpg,960,1280,kurkure,514,676,716,874
kur_019.jpg,960,1280,kurkure,504,489,696,755
kur_019.jpg,960,1280,kurkure,545,594,702,831
crushed_012.jpg,275,183,plastic,10,30,272,147
crushed_012.jpg,275,183,bottle,11,33,271,143
bisleri023.jpg,224,224,Bisleri,93,76,129,88
kurkure83.jpg,336,150,plastic,9,81,321,137
kurkure83.jpg,336,150,kurkure,114,95,138,105
kurkure83.jpg,336,150,kurkure,175,91,200,102
kurkure83.jpg,336,150,kurkure,239,90,259,103
kur_034.jpg,1280,960,wrapper,161,303,611,707
kur_034.jpg,1280,960,wrapper,561,515,1073,919
kur_034.jpg,1280,960,wrapper,547,187,1131,539
kur_034.jpg,1280,960,plastic,165,161,1107,913
kur_034.jpg,1280,960,kurkure,141,327,321,607
kur_034.jpg,1280,960,kurkure,175,459,309,585
kur_034.jpg,1280,960,kurkure,663,269,811,491
kur_034.jpg,1280,960,kurkure,681,309,761,475
kur_034.jpg,1280,960,kurkure,629,271,817,371
kur_034.jpg,1280,960,tooyumm,653,603,805,823
kur_034.jpg,1280,960,tooyumm,655,679,809,867
kur_034.jpg,1280,960,tooyumm,627,643,811,769
kur_042.jpg,1280,960,wrapper,383,577,623,893
kur_042.jpg,1280,960,wrapper,525,397,1151,699
kur_042.jpg,1280,960,wrapper,503,59,821,501
kur_042.jpg,1280,960,wrapper,167,323,659,619
kur_042.jpg,1280,960,plastic,217,95,1133,867
kur_042.jpg,1280,960,tooyumm,445,453,553,583
kur_042.jpg,1280,960,kurkure,385,663,479,845
kur_042.jpg,1280,960,kurkure,395,737,481,811
kur_042.jpg,1280,960,kurkure,385,655,463,755
kur_042.jpg,1280,960,kurkure,625,633,711,719
kur_042.jpg,1280,960,kurkure,603,591,681,667
kur_042.jpg,1280,960,kurkure,611,597,703,709
kur_042.jpg,1280,960,kurkure,585,377,713,467
kur_042.jpg,1280,960,kurkure,555,407,697,463
kur_042.jpg,1280,960,tooyumm,465,505,543,563
kurkure169.jpg,354,480,plastic,30,32,328,441
kurkure169.jpg,354,480,kurkure,217,51,284,81
too_yumm117.jpg,200,200,tooyumm,29,122,61,148
too_yumm117.jpg,200,200,tooyumm,81,119,115,142
too_yumm117.jpg,200,200,tooyumm,127,133,162,146
too_yumm117.jpg,200,200,tooyumm,145,8,196,43
too_yumm117.jpg,200,200,wrapper,30,109,70,179
too_yumm117.jpg,200,200,wrapper,69,110,126,168
too_yumm117.jpg,200,200,wrapper,127,114,154,175
too_yumm117.jpg,200,200,plastic,12,122,173,170
kurkure110.jpg,259,194,kurkure,43,68,110,89
kurkure110.jpg,259,194,wrapper,25,43,136,147
kurkure110.jpg,259,194,plastic,31,51,128,145
kurkure110.jpg,259,194,plastic,144,60,244,142
kur_026.jpg,1280,960,plastic,311,275,713,829
kur_026.jpg,1280,960,plastic,685,159,1161,825
kur_026.jpg,1280,960,wrapper,689,203,1155,817
kur_026.jpg,1280,960,wrapper,363,333,801,807
kur_026.jpg,1280,960,kurkure,401,591,671,771
kur_026.jpg,1280,960,kurkure,737,605,1045,761
kur_026.jpg,1280,960,kurkure,689,657,1037,745
kur_026.jpg,1280,960,kurkure,385,633,665,735
too_yumm68.jpg,200,200,tooyumm,67,97,94,124
kurkure57.jpg,225,225,plastic,36,16,194,221
kurkure57.jpg,225,225,kurkure,67,42,162,92
kur_041.jpg,1280,960,wrapper,543,39,997,421
kur_041.jpg,1280,960,wrapper,663,269,1127,725
kur_041.jpg,1280,960,wrapper,305,441,819,957
kur_041.jpg,1280,960,wrapper,213,217,673,571
kur_041.jpg,1280,960,tooyumm,329,329,409,505
kur_041.jpg,1280,960,kurkure,349,569,429,707
kur_041.jpg,1280,960,kurkure,365,587,437,691
kur_041.jpg,1280,960,kurkure,773,335,927,483
kur_041.jpg,1280,960,kurkure,613,233,693,371
kur_041.jpg,1280,960,kurkure,573,191,677,289
kur_041.jpg,1280,960,plastic,185,57,1093,921
kur_028.jpg,1280,960,plastic,121,227,673,759
kur_028.jpg,1280,960,plastic,575,207,1145,745
kur_028.jpg,1280,960,kurkure,303,303,605,417
kur_028.jpg,1280,960,kurkure,777,311,1043,471
kur_028.jpg,1280,960,kurkure,799,291,945,507
kur_028.jpg,1280,960,kurkure,843,313,1029,465
kur_028.jpg,1280,960,kurkure,315,303,641,467
kur_028.jpg,1280,960,kurkure,349,327,613,443
kurkure31.jpg,300,400,plastic,5,29,277,394
kurkure31.jpg,300,400,kurkure,34,34,269,117
too_yumm21.jpg,200,200,tooyumm,96,160,124,176
too_yumm21.jpg,200,200,tooyumm,136,164,161,178
too_yumm21.jpg,200,200,tooyumm,168,181,182,192
too_yumm21.jpg,200,200,tooyumm,17,179,74,200
too_yumm21.jpg,200,200,plastic,91,148,127,199
too_yumm21.jpg,200,200,plastic,129,157,161,198
too_yumm21.jpg,200,200,plastic,171,183,181,198
too_yumm21.jpg,200,200,wrapper,162,174,189,194
too_yumm21.jpg,200,200,wrapper,126,160,170,197
bisleri029.jpg,194,259,Bisleri,79,124,120,149
bisleri029.jpg,194,259,plastic,78,65,114,229
too_yumm8.jpg,150,150,plastic,26,25,114,138
too_yumm8.jpg,150,150,wrapper,24,23,115,140
too_yumm8.jpg,150,150,tooyumm,41,37,89,61
kurkure17.jpg,282,426,kurkure,66,77,213,126
kurkure17.jpg,282,426,wrapper,12,13,275,413
kurkure17.jpg,282,426,plastic,30,30,196,179
